scenario,kpi_id,kpi_name,recommended_granularity,data_nature,suggested_visualization,platform_module,source_basis,calculation_hint,note
低空物流配送,KPI0001,日均飞行架次,小时/日/航线/网格,scenario_kpi_template,折线图,运营统计/风险预警/应急联动/公众服务/空域管理,由官方平台监管方向、低空应用场景与安全感知需求归纳，不是官方观测值,按flight_id、grid_id、route_id、alert_type、timestamp等字段聚合计算,用于PPT指标体系、系统原型和数据看板设计。
低空物流配送,KPI0002,准点率,日/航线,scenario_kpi_template,柱状图,运营统计/风险预警/应急联动/公众服务/空域管理,由官方平台监管方向、低空应用场景与安全感知需求归纳，不是官方观测值,按flight_id、grid_id、route_id、alert_type、timestamp等字段聚合计算,用于PPT指标体系、系统原型和数据看板设计。
低空物流配送,KPI0003,飞行计划通过率,日/场景,scenario_kpi_template,漏斗图,运营统计/风险预警/应急联动/公众服务/空域管理,由官方平台监管方向、低空应用场景与安全感知需求归纳，不是官方观测值,按flight_id、grid_id、route_id、alert_type、timestamp等字段聚合计算,用于PPT指标体系、系统原型和数据看板设计。
低空物流配送,KPI0004,平均审批时长,日/场景,scenario_kpi_template,箱线图,运营统计/风险预警/应急联动/公众服务/空域管理,由官方平台监管方向、低空应用场景与安全感知需求归纳，不是官方观测值,按flight_id、grid_id、route_id、alert_type、timestamp等字段聚合计算,用于PPT指标体系、系统原型和数据看板设计。
低空物流配送,KPI0005,电子围栏越界率,日/网格,scenario_kpi_template,热力图,运营统计/风险预警/应急联动/公众服务/空域管理,由官方平台监管方向、低空应用场景与安全感知需求归纳，不是官方观测值,按flight_id、grid_id、route_id、alert_type、timestamp等字段聚合计算,用于PPT指标体系、系统原型和数据看板设计。
低空物流配送,KPI0006,远程识别在线率,小时/设备/航线,scenario_kpi_template,仪表盘,运营统计/风险预警/应急联动/公众服务/空域管理,由官方平台监管方向、低空应用场景与安全感知需求归纳，不是官方观测值,按flight_id、grid_id、route_id、alert_type、timestamp等字段聚合计算,用于PPT指标体系、系统原型和数据看板设计。
低空物流配送,KPI0007,通信链路可用率,分钟/网格,scenario_kpi_template,地图热力图,运营统计/风险预警/应急联动/公众服务/空域管理,由官方平台监管方向、低空应用场景与安全感知需求归纳，不是官方观测值,按flight_id、grid_id、route_id、alert_type、timestamp等字段聚合计算,用于PPT指标体系、系统原型和数据看板设计。
低空物流配送,KPI0008,告警闭环率,日/部门,scenario_kpi_template,堆叠柱状图,运营统计/风险预警/应急联动/公众服务/空域管理,由官方平台监管方向、低空应用场景与安全感知需求归纳，不是官方观测值,按flight_id、grid_id、route_id、alert_type、timestamp等字段聚合计算,用于PPT指标体系、系统原型和数据看板设计。
低空物流配送,KPI0009,平均处置时长,日/部门/事件类型,scenario_kpi_template,箱线图,运营统计/风险预警/应急联动/公众服务/空域管理,由官方平台监管方向、低空应用场景与安全感知需求归纳，不是官方观测值,按flight_id、grid_id、route_id、alert_type、timestamp等字段聚合计算,用于PPT指标体系、系统原型和数据看板设计。
低空物流配送,KPI0010,飞行高度合规率,日/航线,scenario_kpi_template,环形图,运营统计/风险预警/应急联动/公众服务/空域管理,由官方平台监管方向、低空应用场景与安全感知需求归纳，不是官方观测值,按flight_id、grid_id、route_id、alert_type、timestamp等字段聚合计算,用于PPT指标体系、系统原型和数据看板设计。
低空物流配送,KPI0011,飞行速度合规率,日/航线,scenario_kpi_template,环形图,运营统计/风险预警/应急联动/公众服务/空域管理,由官方平台监管方向、低空应用场景与安全感知需求归纳，不是官方观测值,按flight_id、grid_id、route_id、alert_type、timestamp等字段聚合计算,用于PPT指标体系、系统原型和数据看板设计。
低空物流配送,KPI0012,高风险网格占比,日/街道,scenario_kpi_template,地图热力图,运营统计/风险预警/应急联动/公众服务/空域管理,由官方平台监管方向、低空应用场景与安全感知需求归纳，不是官方观测值,按flight_id、grid_id、route_id、alert_type、timestamp等字段聚合计算,用于PPT指标体系、系统原型和数据看板设计。
低空物流配送,KPI0013,气象影响取消率,日/航线,scenario_kpi_template,折线图,运营统计/风险预警/应急联动/公众服务/空域管理,由官方平台监管方向、低空应用场景与安全感知需求归纳，不是官方观测值,按flight_id、grid_id、route_id、alert_type、timestamp等字段聚合计算,用于PPT指标体系、系统原型和数据看板设计。
低空物流配送,KPI0014,任务完成率,日/场景,scenario_kpi_template,柱状图,运营统计/风险预警/应急联动/公众服务/空域管理,由官方平台监管方向、低空应用场景与安全感知需求归纳，不是官方观测值,按flight_id、grid_id、route_id、alert_type、timestamp等字段聚合计算,用于PPT指标体系、系统原型和数据看板设计。
低空物流配送,KPI0015,单位里程成本,月/场景,scenario_kpi_template,折线图,运营统计/风险预警/应急联动/公众服务/空域管理,由官方平台监管方向、低空应用场景与安全感知需求归纳，不是官方观测值,按flight_id、grid_id、route_id、alert_type、timestamp等字段聚合计算,用于PPT指标体系、系统原型和数据看板设计。
低空物流配送,KPI0016,有效载荷利用率,日/任务,scenario_kpi_template,散点图,运营统计/风险预警/应急联动/公众服务/空域管理,由官方平台监管方向、低空应用场景与安全感知需求归纳，不是官方观测值,按flight_id、grid_id、route_id、alert_type、timestamp等字段聚合计算,用于PPT指标体系、系统原型和数据看板设计。
低空物流配送,KPI0017,设备在线率,小时/设备,scenario_kpi_template,仪表盘,运营统计/风险预警/应急联动/公众服务/空域管理,由官方平台监管方向、低空应用场景与安全感知需求归纳，不是官方观测值,按flight_id、grid_id、route_id、alert_type、timestamp等字段聚合计算,用于PPT指标体系、系统原型和数据看板设计。
低空物流配送,KPI0018,传感器覆盖率,网格/街道,scenario_kpi_template,地图,运营统计/风险预警/应急联动/公众服务/空域管理,由官方平台监管方向、低空应用场景与安全感知需求归纳，不是官方观测值,按flight_id、grid_id、route_id、alert_type、timestamp等字段聚合计算,用于PPT指标体系、系统原型和数据看板设计。
低空物流配送,KPI0019,重复告警率,日/事件类型,scenario_kpi_template,帕累托图,运营统计/风险预警/应急联动/公众服务/空域管理,由官方平台监管方向、低空应用场景与安全感知需求归纳，不是官方观测值,按flight_id、grid_id、route_id、alert_type、timestamp等字段聚合计算,用于PPT指标体系、系统原型和数据看板设计。
低空物流配送,KPI0020,黑飞疑似识别数,小时/网格,scenario_kpi_template,热力图,运营统计/风险预警/应急联动/公众服务/空域管理,由官方平台监管方向、低空应用场景与安全感知需求归纳，不是官方观测值,按flight_id、grid_id、route_id、alert_type、timestamp等字段聚合计算,用于PPT指标体系、系统原型和数据看板设计。
低空物流配送,KPI0021,低电量返航率,日/机型,scenario_kpi_template,柱状图,运营统计/风险预警/应急联动/公众服务/空域管理,由官方平台监管方向、低空应用场景与安全感知需求归纳，不是官方观测值,按flight_id、grid_id、route_id、alert_type、timestamp等字段聚合计算,用于PPT指标体系、系统原型和数据看板设计。
低空物流配送,KPI0022,人群密集区飞越次数,小时/网格,scenario_kpi_template,热力图,运营统计/风险预警/应急联动/公众服务/空域管理,由官方平台监管方向、低空应用场景与安全感知需求归纳，不是官方观测值,按flight_id、grid_id、route_id、alert_type、timestamp等字段聚合计算,用于PPT指标体系、系统原型和数据看板设计。
低空物流配送,KPI0023,禁飞区接近次数,小时/网格,scenario_kpi_template,热力图,运营统计/风险预警/应急联动/公众服务/空域管理,由官方平台监管方向、低空应用场景与安全感知需求归纳，不是官方观测值,按flight_id、grid_id、route_id、alert_type、timestamp等字段聚合计算,用于PPT指标体系、系统原型和数据看板设计。
低空物流配送,KPI0024,飞行密度指数,小时/网格,scenario_kpi_template,热力图,运营统计/风险预警/应急联动/公众服务/空域管理,由官方平台监管方向、低空应用场景与安全感知需求归纳，不是官方观测值,按flight_id、grid_id、route_id、alert_type、timestamp等字段聚合计算,用于PPT指标体系、系统原型和数据看板设计。
城市治理巡检,KPI0025,日均飞行架次,小时/日/航线/网格,scenario_kpi_template,折线图,运营统计/风险预警/应急联动/公众服务/空域管理,由官方平台监管方向、低空应用场景与安全感知需求归纳，不是官方观测值,按flight_id、grid_id、route_id、alert_type、timestamp等字段聚合计算,用于PPT指标体系、系统原型和数据看板设计。
城市治理巡检,KPI0026,准点率,日/航线,scenario_kpi_template,柱状图,运营统计/风险预警/应急联动/公众服务/空域管理,由官方平台监管方向、低空应用场景与安全感知需求归纳，不是官方观测值,按flight_id、grid_id、route_id、alert_type、timestamp等字段聚合计算,用于PPT指标体系、系统原型和数据看板设计。
城市治理巡检,KPI0027,飞行计划通过率,日/场景,scenario_kpi_template,漏斗图,运营统计/风险预警/应急联动/公众服务/空域管理,由官方平台监管方向、低空应用场景与安全感知需求归纳，不是官方观测值,按flight_id、grid_id、route_id、alert_type、timestamp等字段聚合计算,用于PPT指标体系、系统原型和数据看板设计。
城市治理巡检,KPI0028,平均审批时长,日/场景,scenario_kpi_template,箱线图,运营统计/风险预警/应急联动/公众服务/空域管理,由官方平台监管方向、低空应用场景与安全感知需求归纳，不是官方观测值,按flight_id、grid_id、route_id、alert_type、timestamp等字段聚合计算,用于PPT指标体系、系统原型和数据看板设计。
城市治理巡检,KPI0029,电子围栏越界率,日/网格,scenario_kpi_template,热力图,运营统计/风险预警/应急联动/公众服务/空域管理,由官方平台监管方向、低空应用场景与安全感知需求归纳，不是官方观测值,按flight_id、grid_id、route_id、alert_type、timestamp等字段聚合计算,用于PPT指标体系、系统原型和数据看板设计。
城市治理巡检,KPI0030,远程识别在线率,小时/设备/航线,scenario_kpi_template,仪表盘,运营统计/风险预警/应急联动/公众服务/空域管理,由官方平台监管方向、低空应用场景与安全感知需求归纳，不是官方观测值,按flight_id、grid_id、route_id、alert_type、timestamp等字段聚合计算,用于PPT指标体系、系统原型和数据看板设计。
城市治理巡检,KPI0031,通信链路可用率,分钟/网格,scenario_kpi_template,地图热力图,运营统计/风险预警/应急联动/公众服务/空域管理,由官方平台监管方向、低空应用场景与安全感知需求归纳，不是官方观测值,按flight_id、grid_id、route_id、alert_type、timestamp等字段聚合计算,用于PPT指标体系、系统原型和数据看板设计。
城市治理巡检,KPI0032,告警闭环率,日/部门,scenario_kpi_template,堆叠柱状图,运营统计/风险预警/应急联动/公众服务/空域管理,由官方平台监管方向、低空应用场景与安全感知需求归纳，不是官方观测值,按flight_id、grid_id、route_id、alert_type、timestamp等字段聚合计算,用于PPT指标体系、系统原型和数据看板设计。
城市治理巡检,KPI0033,平均处置时长,日/部门/事件类型,scenario_kpi_template,箱线图,运营统计/风险预警/应急联动/公众服务/空域管理,由官方平台监管方向、低空应用场景与安全感知需求归纳，不是官方观测值,按flight_id、grid_id、route_id、alert_type、timestamp等字段聚合计算,用于PPT指标体系、系统原型和数据看板设计。
城市治理巡检,KPI0034,飞行高度合规率,日/航线,scenario_kpi_template,环形图,运营统计/风险预警/应急联动/公众服务/空域管理,由官方平台监管方向、低空应用场景与安全感知需求归纳，不是官方观测值,按flight_id、grid_id、route_id、alert_type、timestamp等字段聚合计算,用于PPT指标体系、系统原型和数据看板设计。
城市治理巡检,KPI0035,飞行速度合规率,日/航线,scenario_kpi_template,环形图,运营统计/风险预警/应急联动/公众服务/空域管理,由官方平台监管方向、低空应用场景与安全感知需求归纳，不是官方观测值,按flight_id、grid_id、route_id、alert_type、timestamp等字段聚合计算,用于PPT指标体系、系统原型和数据看板设计。
城市治理巡检,KPI0036,高风险网格占比,日/街道,scenario_kpi_template,地图热力图,运营统计/风险预警/应急联动/公众服务/空域管理,由官方平台监管方向、低空应用场景与安全感知需求归纳，不是官方观测值,按flight_id、grid_id、route_id、alert_type、timestamp等字段聚合计算,用于PPT指标体系、系统原型和数据看板设计。
城市治理巡检,KPI0037,气象影响取消率,日/航线,scenario_kpi_template,折线图,运营统计/风险预警/应急联动/公众服务/空域管理,由官方平台监管方向、低空应用场景与安全感知需求归纳，不是官方观测值,按flight_id、grid_id、route_id、alert_type、timestamp等字段聚合计算,用于PPT指标体系、系统原型和数据看板设计。
城市治理巡检,KPI0038,任务完成率,日/场景,scenario_kpi_template,柱状图,运营统计/风险预警/应急联动/公众服务/空域管理,由官方平台监管方向、低空应用场景与安全感知需求归纳，不是官方观测值,按flight_id、grid_id、route_id、alert_type、timestamp等字段聚合计算,用于PPT指标体系、系统原型和数据看板设计。
城市治理巡检,KPI0039,单位里程成本,月/场景,scenario_kpi_template,折线图,运营统计/风险预警/应急联动/公众服务/空域管理,由官方平台监管方向、低空应用场景与安全感知需求归纳，不是官方观测值,按flight_id、grid_id、route_id、alert_type、timestamp等字段聚合计算,用于PPT指标体系、系统原型和数据看板设计。
城市治理巡检,KPI0040,有效载荷利用率,日/任务,scenario_kpi_template,散点图,运营统计/风险预警/应急联动/公众服务/空域管理,由官方平台监管方向、低空应用场景与安全感知需求归纳，不是官方观测值,按flight_id、grid_id、route_id、alert_type、timestamp等字段聚合计算,用于PPT指标体系、系统原型和数据看板设计。
城市治理巡检,KPI0041,设备在线率,小时/设备,scenario_kpi_template,仪表盘,运营统计/风险预警/应急联动/公众服务/空域管理,由官方平台监管方向、低空应用场景与安全感知需求归纳，不是官方观测值,按flight_id、grid_id、route_id、alert_type、timestamp等字段聚合计算,用于PPT指标体系、系统原型和数据看板设计。
城市治理巡检,KPI0042,传感器覆盖率,网格/街道,scenario_kpi_template,地图,运营统计/风险预警/应急联动/公众服务/空域管理,由官方平台监管方向、低空应用场景与安全感知需求归纳，不是官方观测值,按flight_id、grid_id、route_id、alert_type、timestamp等字段聚合计算,用于PPT指标体系、系统原型和数据看板设计。
城市治理巡检,KPI0043,重复告警率,日/事件类型,scenario_kpi_template,帕累托图,运营统计/风险预警/应急联动/公众服务/空域管理,由官方平台监管方向、低空应用场景与安全感知需求归纳，不是官方观测值,按flight_id、grid_id、route_id、alert_type、timestamp等字段聚合计算,用于PPT指标体系、系统原型和数据看板设计。
城市治理巡检,KPI0044,黑飞疑似识别数,小时/网格,scenario_kpi_template,热力图,运营统计/风险预警/应急联动/公众服务/空域管理,由官方平台监管方向、低空应用场景与安全感知需求归纳，不是官方观测值,按flight_id、grid_id、route_id、alert_type、timestamp等字段聚合计算,用于PPT指标体系、系统原型和数据看板设计。
城市治理巡检,KPI0045,低电量返航率,日/机型,scenario_kpi_template,柱状图,运营统计/风险预警/应急联动/公众服务/空域管理,由官方平台监管方向、低空应用场景与安全感知需求归纳，不是官方观测值,按flight_id、grid_id、route_id、alert_type、timestamp等字段聚合计算,用于PPT指标体系、系统原型和数据看板设计。
城市治理巡检,KPI0046,人群密集区飞越次数,小时/网格,scenario_kpi_template,热力图,运营统计/风险预警/应急联动/公众服务/空域管理,由官方平台监管方向、低空应用场景与安全感知需求归纳，不是官方观测值,按flight_id、grid_id、route_id、alert_type、timestamp等字段聚合计算,用于PPT指标体系、系统原型和数据看板设计。
城市治理巡检,KPI0047,禁飞区接近次数,小时/网格,scenario_kpi_template,热力图,运营统计/风险预警/应急联动/公众服务/空域管理,由官方平台监管方向、低空应用场景与安全感知需求归纳，不是官方观测值,按flight_id、grid_id、route_id、alert_type、timestamp等字段聚合计算,用于PPT指标体系、系统原型和数据看板设计。
城市治理巡检,KPI0048,飞行密度指数,小时/网格,scenario_kpi_template,热力图,运营统计/风险预警/应急联动/公众服务/空域管理,由官方平台监管方向、低空应用场景与安全感知需求归纳，不是官方观测值,按flight_id、grid_id、route_id、alert_type、timestamp等字段聚合计算,用于PPT指标体系、系统原型和数据看板设计。
应急救援,KPI0049,日均飞行架次,小时/日/航线/网格,scenario_kpi_template,折线图,运营统计/风险预警/应急联动/公众服务/空域管理,由官方平台监管方向、低空应用场景与安全感知需求归纳，不是官方观测值,按flight_id、grid_id、route_id、alert_type、timestamp等字段聚合计算,用于PPT指标体系、系统原型和数据看板设计。
应急救援,KPI0050,准点率,日/航线,scenario_kpi_template,柱状图,运营统计/风险预警/应急联动/公众服务/空域管理,由官方平台监管方向、低空应用场景与安全感知需求归纳，不是官方观测值,按flight_id、grid_id、route_id、alert_type、timestamp等字段聚合计算,用于PPT指标体系、系统原型和数据看板设计。
应急救援,KPI0051,飞行计划通过率,日/场景,scenario_kpi_template,漏斗图,运营统计/风险预警/应急联动/公众服务/空域管理,由官方平台监管方向、低空应用场景与安全感知需求归纳，不是官方观测值,按flight_id、grid_id、route_id、alert_type、timestamp等字段聚合计算,用于PPT指标体系、系统原型和数据看板设计。
应急救援,KPI0052,平均审批时长,日/场景,scenario_kpi_template,箱线图,运营统计/风险预警/应急联动/公众服务/空域管理,由官方平台监管方向、低空应用场景与安全感知需求归纳，不是官方观测值,按flight_id、grid_id、route_id、alert_type、timestamp等字段聚合计算,用于PPT指标体系、系统原型和数据看板设计。
应急救援,KPI0053,电子围栏越界率,日/网格,scenario_kpi_template,热力图,运营统计/风险预警/应急联动/公众服务/空域管理,由官方平台监管方向、低空应用场景与安全感知需求归纳，不是官方观测值,按flight_id、grid_id、route_id、alert_type、timestamp等字段聚合计算,用于PPT指标体系、系统原型和数据看板设计。
应急救援,KPI0054,远程识别在线率,小时/设备/航线,scenario_kpi_template,仪表盘,运营统计/风险预警/应急联动/公众服务/空域管理,由官方平台监管方向、低空应用场景与安全感知需求归纳，不是官方观测值,按flight_id、grid_id、route_id、alert_type、timestamp等字段聚合计算,用于PPT指标体系、系统原型和数据看板设计。
应急救援,KPI0055,通信链路可用率,分钟/网格,scenario_kpi_template,地图热力图,运营统计/风险预警/应急联动/公众服务/空域管理,由官方平台监管方向、低空应用场景与安全感知需求归纳，不是官方观测值,按flight_id、grid_id、route_id、alert_type、timestamp等字段聚合计算,用于PPT指标体系、系统原型和数据看板设计。
应急救援,KPI0056,告警闭环率,日/部门,scenario_kpi_template,堆叠柱状图,运营统计/风险预警/应急联动/公众服务/空域管理,由官方平台监管方向、低空应用场景与安全感知需求归纳，不是官方观测值,按flight_id、grid_id、route_id、alert_type、timestamp等字段聚合计算,用于PPT指标体系、系统原型和数据看板设计。
应急救援,KPI0057,平均处置时长,日/部门/事件类型,scenario_kpi_template,箱线图,运营统计/风险预警/应急联动/公众服务/空域管理,由官方平台监管方向、低空应用场景与安全感知需求归纳，不是官方观测值,按flight_id、grid_id、route_id、alert_type、timestamp等字段聚合计算,用于PPT指标体系、系统原型和数据看板设计。
应急救援,KPI0058,飞行高度合规率,日/航线,scenario_kpi_template,环形图,运营统计/风险预警/应急联动/公众服务/空域管理,由官方平台监管方向、低空应用场景与安全感知需求归纳，不是官方观测值,按flight_id、grid_id、route_id、alert_type、timestamp等字段聚合计算,用于PPT指标体系、系统原型和数据看板设计。
应急救援,KPI0059,飞行速度合规率,日/航线,scenario_kpi_template,环形图,运营统计/风险预警/应急联动/公众服务/空域管理,由官方平台监管方向、低空应用场景与安全感知需求归纳，不是官方观测值,按flight_id、grid_id、route_id、alert_type、timestamp等字段聚合计算,用于PPT指标体系、系统原型和数据看板设计。
应急救援,KPI0060,高风险网格占比,日/街道,scenario_kpi_template,地图热力图,运营统计/风险预警/应急联动/公众服务/空域管理,由官方平台监管方向、低空应用场景与安全感知需求归纳，不是官方观测值,按flight_id、grid_id、route_id、alert_type、timestamp等字段聚合计算,用于PPT指标体系、系统原型和数据看板设计。
应急救援,KPI0061,气象影响取消率,日/航线,scenario_kpi_template,折线图,运营统计/风险预警/应急联动/公众服务/空域管理,由官方平台监管方向、低空应用场景与安全感知需求归纳，不是官方观测值,按flight_id、grid_id、route_id、alert_type、timestamp等字段聚合计算,用于PPT指标体系、系统原型和数据看板设计。
应急救援,KPI0062,任务完成率,日/场景,scenario_kpi_template,柱状图,运营统计/风险预警/应急联动/公众服务/空域管理,由官方平台监管方向、低空应用场景与安全感知需求归纳，不是官方观测值,按flight_id、grid_id、route_id、alert_type、timestamp等字段聚合计算,用于PPT指标体系、系统原型和数据看板设计。
应急救援,KPI0063,单位里程成本,月/场景,scenario_kpi_template,折线图,运营统计/风险预警/应急联动/公众服务/空域管理,由官方平台监管方向、低空应用场景与安全感知需求归纳，不是官方观测值,按flight_id、grid_id、route_id、alert_type、timestamp等字段聚合计算,用于PPT指标体系、系统原型和数据看板设计。
应急救援,KPI0064,有效载荷利用率,日/任务,scenario_kpi_template,散点图,运营统计/风险预警/应急联动/公众服务/空域管理,由官方平台监管方向、低空应用场景与安全感知需求归纳，不是官方观测值,按flight_id、grid_id、route_id、alert_type、timestamp等字段聚合计算,用于PPT指标体系、系统原型和数据看板设计。
应急救援,KPI0065,设备在线率,小时/设备,scenario_kpi_template,仪表盘,运营统计/风险预警/应急联动/公众服务/空域管理,由官方平台监管方向、低空应用场景与安全感知需求归纳，不是官方观测值,按flight_id、grid_id、route_id、alert_type、timestamp等字段聚合计算,用于PPT指标体系、系统原型和数据看板设计。
应急救援,KPI0066,传感器覆盖率,网格/街道,scenario_kpi_template,地图,运营统计/风险预警/应急联动/公众服务/空域管理,由官方平台监管方向、低空应用场景与安全感知需求归纳，不是官方观测值,按flight_id、grid_id、route_id、alert_type、timestamp等字段聚合计算,用于PPT指标体系、系统原型和数据看板设计。
应急救援,KPI0067,重复告警率,日/事件类型,scenario_kpi_template,帕累托图,运营统计/风险预警/应急联动/公众服务/空域管理,由官方平台监管方向、低空应用场景与安全感知需求归纳，不是官方观测值,按flight_id、grid_id、route_id、alert_type、timestamp等字段聚合计算,用于PPT指标体系、系统原型和数据看板设计。
应急救援,KPI0068,黑飞疑似识别数,小时/网格,scenario_kpi_template,热力图,运营统计/风险预警/应急联动/公众服务/空域管理,由官方平台监管方向、低空应用场景与安全感知需求归纳，不是官方观测值,按flight_id、grid_id、route_id、alert_type、timestamp等字段聚合计算,用于PPT指标体系、系统原型和数据看板设计。
应急救援,KPI0069,低电量返航率,日/机型,scenario_kpi_template,柱状图,运营统计/风险预警/应急联动/公众服务/空域管理,由官方平台监管方向、低空应用场景与安全感知需求归纳，不是官方观测值,按flight_id、grid_id、route_id、alert_type、timestamp等字段聚合计算,用于PPT指标体系、系统原型和数据看板设计。
应急救援,KPI0070,人群密集区飞越次数,小时/网格,scenario_kpi_template,热力图,运营统计/风险预警/应急联动/公众服务/空域管理,由官方平台监管方向、低空应用场景与安全感知需求归纳，不是官方观测值,按flight_id、grid_id、route_id、alert_type、timestamp等字段聚合计算,用于PPT指标体系、系统原型和数据看板设计。
应急救援,KPI0071,禁飞区接近次数,小时/网格,scenario_kpi_template,热力图,运营统计/风险预警/应急联动/公众服务/空域管理,由官方平台监管方向、低空应用场景与安全感知需求归纳，不是官方观测值,按flight_id、grid_id、route_id、alert_type、timestamp等字段聚合计算,用于PPT指标体系、系统原型和数据看板设计。
应急救援,KPI0072,飞行密度指数,小时/网格,scenario_kpi_template,热力图,运营统计/风险预警/应急联动/公众服务/空域管理,由官方平台监管方向、低空应用场景与安全感知需求归纳，不是官方观测值,按flight_id、grid_id、route_id、alert_type、timestamp等字段聚合计算,用于PPT指标体系、系统原型和数据看板设计。
医疗物资运输,KPI0073,日均飞行架次,小时/日/航线/网格,scenario_kpi_template,折线图,运营统计/风险预警/应急联动/公众服务/空域管理,由官方平台监管方向、低空应用场景与安全感知需求归纳，不是官方观测值,按flight_id、grid_id、route_id、alert_type、timestamp等字段聚合计算,用于PPT指标体系、系统原型和数据看板设计。
医疗物资运输,KPI0074,准点率,日/航线,scenario_kpi_template,柱状图,运营统计/风险预警/应急联动/公众服务/空域管理,由官方平台监管方向、低空应用场景与安全感知需求归纳，不是官方观测值,按flight_id、grid_id、route_id、alert_type、timestamp等字段聚合计算,用于PPT指标体系、系统原型和数据看板设计。
医疗物资运输,KPI0075,飞行计划通过率,日/场景,scenario_kpi_template,漏斗图,运营统计/风险预警/应急联动/公众服务/空域管理,由官方平台监管方向、低空应用场景与安全感知需求归纳，不是官方观测值,按flight_id、grid_id、route_id、alert_type、timestamp等字段聚合计算,用于PPT指标体系、系统原型和数据看板设计。
医疗物资运输,KPI0076,平均审批时长,日/场景,scenario_kpi_template,箱线图,运营统计/风险预警/应急联动/公众服务/空域管理,由官方平台监管方向、低空应用场景与安全感知需求归纳，不是官方观测值,按flight_id、grid_id、route_id、alert_type、timestamp等字段聚合计算,用于PPT指标体系、系统原型和数据看板设计。
医疗物资运输,KPI0077,电子围栏越界率,日/网格,scenario_kpi_template,热力图,运营统计/风险预警/应急联动/公众服务/空域管理,由官方平台监管方向、低空应用场景与安全感知需求归纳，不是官方观测值,按flight_id、grid_id、route_id、alert_type、timestamp等字段聚合计算,用于PPT指标体系、系统原型和数据看板设计。
医疗物资运输,KPI0078,远程识别在线率,小时/设备/航线,scenario_kpi_template,仪表盘,运营统计/风险预警/应急联动/公众服务/空域管理,由官方平台监管方向、低空应用场景与安全感知需求归纳，不是官方观测值,按flight_id、grid_id、route_id、alert_type、timestamp等字段聚合计算,用于PPT指标体系、系统原型和数据看板设计。
医疗物资运输,KPI0079,通信链路可用率,分钟/网格,scenario_kpi_template,地图热力图,运营统计/风险预警/应急联动/公众服务/空域管理,由官方平台监管方向、低空应用场景与安全感知需求归纳，不是官方观测值,按flight_id、grid_id、route_id、alert_type、timestamp等字段聚合计算,用于PPT指标体系、系统原型和数据看板设计。
医疗物资运输,KPI0080,告警闭环率,日/部门,scenario_kpi_template,堆叠柱状图,运营统计/风险预警/应急联动/公众服务/空域管理,由官方平台监管方向、低空应用场景与安全感知需求归纳，不是官方观测值,按flight_id、grid_id、route_id、alert_type、timestamp等字段聚合计算,用于PPT指标体系、系统原型和数据看板设计。
医疗物资运输,KPI0081,平均处置时长,日/部门/事件类型,scenario_kpi_template,箱线图,运营统计/风险预警/应急联动/公众服务/空域管理,由官方平台监管方向、低空应用场景与安全感知需求归纳，不是官方观测值,按flight_id、grid_id、route_id、alert_type、timestamp等字段聚合计算,用于PPT指标体系、系统原型和数据看板设计。
医疗物资运输,KPI0082,飞行高度合规率,日/航线,scenario_kpi_template,环形图,运营统计/风险预警/应急联动/公众服务/空域管理,由官方平台监管方向、低空应用场景与安全感知需求归纳，不是官方观测值,按flight_id、grid_id、route_id、alert_type、timestamp等字段聚合计算,用于PPT指标体系、系统原型和数据看板设计。
医疗物资运输,KPI0083,飞行速度合规率,日/航线,scenario_kpi_template,环形图,运营统计/风险预警/应急联动/公众服务/空域管理,由官方平台监管方向、低空应用场景与安全感知需求归纳，不是官方观测值,按flight_id、grid_id、route_id、alert_type、timestamp等字段聚合计算,用于PPT指标体系、系统原型和数据看板设计。
医疗物资运输,KPI0084,高风险网格占比,日/街道,scenario_kpi_template,地图热力图,运营统计/风险预警/应急联动/公众服务/空域管理,由官方平台监管方向、低空应用场景与安全感知需求归纳，不是官方观测值,按flight_id、grid_id、route_id、alert_type、timestamp等字段聚合计算,用于PPT指标体系、系统原型和数据看板设计。
医疗物资运输,KPI0085,气象影响取消率,日/航线,scenario_kpi_template,折线图,运营统计/风险预警/应急联动/公众服务/空域管理,由官方平台监管方向、低空应用场景与安全感知需求归纳，不是官方观测值,按flight_id、grid_id、route_id、alert_type、timestamp等字段聚合计算,用于PPT指标体系、系统原型和数据看板设计。
医疗物资运输,KPI0086,任务完成率,日/场景,scenario_kpi_template,柱状图,运营统计/风险预警/应急联动/公众服务/空域管理,由官方平台监管方向、低空应用场景与安全感知需求归纳，不是官方观测值,按flight_id、grid_id、route_id、alert_type、timestamp等字段聚合计算,用于PPT指标体系、系统原型和数据看板设计。
医疗物资运输,KPI0087,单位里程成本,月/场景,scenario_kpi_template,折线图,运营统计/风险预警/应急联动/公众服务/空域管理,由官方平台监管方向、低空应用场景与安全感知需求归纳，不是官方观测值,按flight_id、grid_id、route_id、alert_type、timestamp等字段聚合计算,用于PPT指标体系、系统原型和数据看板设计。
医疗物资运输,KPI0088,有效载荷利用率,日/任务,scenario_kpi_template,散点图,运营统计/风险预警/应急联动/公众服务/空域管理,由官方平台监管方向、低空应用场景与安全感知需求归纳，不是官方观测值,按flight_id、grid_id、route_id、alert_type、timestamp等字段聚合计算,用于PPT指标体系、系统原型和数据看板设计。
医疗物资运输,KPI0089,设备在线率,小时/设备,scenario_kpi_template,仪表盘,运营统计/风险预警/应急联动/公众服务/空域管理,由官方平台监管方向、低空应用场景与安全感知需求归纳，不是官方观测值,按flight_id、grid_id、route_id、alert_type、timestamp等字段聚合计算,用于PPT指标体系、系统原型和数据看板设计。
医疗物资运输,KPI0090,传感器覆盖率,网格/街道,scenario_kpi_template,地图,运营统计/风险预警/应急联动/公众服务/空域管理,由官方平台监管方向、低空应用场景与安全感知需求归纳，不是官方观测值,按flight_id、grid_id、route_id、alert_type、timestamp等字段聚合计算,用于PPT指标体系、系统原型和数据看板设计。
医疗物资运输,KPI0091,重复告警率,日/事件类型,scenario_kpi_template,帕累托图,运营统计/风险预警/应急联动/公众服务/空域管理,由官方平台监管方向、低空应用场景与安全感知需求归纳，不是官方观测值,按flight_id、grid_id、route_id、alert_type、timestamp等字段聚合计算,用于PPT指标体系、系统原型和数据看板设计。
医疗物资运输,KPI0092,黑飞疑似识别数,小时/网格,scenario_kpi_template,热力图,运营统计/风险预警/应急联动/公众服务/空域管理,由官方平台监管方向、低空应用场景与安全感知需求归纳，不是官方观测值,按flight_id、grid_id、route_id、alert_type、timestamp等字段聚合计算,用于PPT指标体系、系统原型和数据看板设计。
医疗物资运输,KPI0093,低电量返航率,日/机型,scenario_kpi_template,柱状图,运营统计/风险预警/应急联动/公众服务/空域管理,由官方平台监管方向、低空应用场景与安全感知需求归纳，不是官方观测值,按flight_id、grid_id、route_id、alert_type、timestamp等字段聚合计算,用于PPT指标体系、系统原型和数据看板设计。
医疗物资运输,KPI0094,人群密集区飞越次数,小时/网格,scenario_kpi_template,热力图,运营统计/风险预警/应急联动/公众服务/空域管理,由官方平台监管方向、低空应用场景与安全感知需求归纳，不是官方观测值,按flight_id、grid_id、route_id、alert_type、timestamp等字段聚合计算,用于PPT指标体系、系统原型和数据看板设计。
医疗物资运输,KPI0095,禁飞区接近次数,小时/网格,scenario_kpi_template,热力图,运营统计/风险预警/应急联动/公众服务/空域管理,由官方平台监管方向、低空应用场景与安全感知需求归纳，不是官方观测值,按flight_id、grid_id、route_id、alert_type、timestamp等字段聚合计算,用于PPT指标体系、系统原型和数据看板设计。
医疗物资运输,KPI0096,飞行密度指数,小时/网格,scenario_kpi_template,热力图,运营统计/风险预警/应急联动/公众服务/空域管理,由官方平台监管方向、低空应用场景与安全感知需求归纳，不是官方观测值,按flight_id、grid_id、route_id、alert_type、timestamp等字段聚合计算,用于PPT指标体系、系统原型和数据看板设计。
文旅观光,KPI0097,日均飞行架次,小时/日/航线/网格,scenario_kpi_template,折线图,运营统计/风险预警/应急联动/公众服务/空域管理,由官方平台监管方向、低空应用场景与安全感知需求归纳，不是官方观测值,按flight_id、grid_id、route_id、alert_type、timestamp等字段聚合计算,用于PPT指标体系、系统原型和数据看板设计。
文旅观光,KPI0098,准点率,日/航线,scenario_kpi_template,柱状图,运营统计/风险预警/应急联动/公众服务/空域管理,由官方平台监管方向、低空应用场景与安全感知需求归纳，不是官方观测值,按flight_id、grid_id、route_id、alert_type、timestamp等字段聚合计算,用于PPT指标体系、系统原型和数据看板设计。
文旅观光,KPI0099,飞行计划通过率,日/场景,scenario_kpi_template,漏斗图,运营统计/风险预警/应急联动/公众服务/空域管理,由官方平台监管方向、低空应用场景与安全感知需求归纳，不是官方观测值,按flight_id、grid_id、route_id、alert_type、timestamp等字段聚合计算,用于PPT指标体系、系统原型和数据看板设计。
文旅观光,KPI0100,平均审批时长,日/场景,scenario_kpi_template,箱线图,运营统计/风险预警/应急联动/公众服务/空域管理,由官方平台监管方向、低空应用场景与安全感知需求归纳，不是官方观测值,按flight_id、grid_id、route_id、alert_type、timestamp等字段聚合计算,用于PPT指标体系、系统原型和数据看板设计。
文旅观光,KPI0101,电子围栏越界率,日/网格,scenario_kpi_template,热力图,运营统计/风险预警/应急联动/公众服务/空域管理,由官方平台监管方向、低空应用场景与安全感知需求归纳，不是官方观测值,按flight_id、grid_id、route_id、alert_type、timestamp等字段聚合计算,用于PPT指标体系、系统原型和数据看板设计。
文旅观光,KPI0102,远程识别在线率,小时/设备/航线,scenario_kpi_template,仪表盘,运营统计/风险预警/应急联动/公众服务/空域管理,由官方平台监管方向、低空应用场景与安全感知需求归纳，不是官方观测值,按flight_id、grid_id、route_id、alert_type、timestamp等字段聚合计算,用于PPT指标体系、系统原型和数据看板设计。
文旅观光,KPI0103,通信链路可用率,分钟/网格,scenario_kpi_template,地图热力图,运营统计/风险预警/应急联动/公众服务/空域管理,由官方平台监管方向、低空应用场景与安全感知需求归纳，不是官方观测值,按flight_id、grid_id、route_id、alert_type、timestamp等字段聚合计算,用于PPT指标体系、系统原型和数据看板设计。
文旅观光,KPI0104,告警闭环率,日/部门,scenario_kpi_template,堆叠柱状图,运营统计/风险预警/应急联动/公众服务/空域管理,由官方平台监管方向、低空应用场景与安全感知需求归纳，不是官方观测值,按flight_id、grid_id、route_id、alert_type、timestamp等字段聚合计算,用于PPT指标体系、系统原型和数据看板设计。
文旅观光,KPI0105,平均处置时长,日/部门/事件类型,scenario_kpi_template,箱线图,运营统计/风险预警/应急联动/公众服务/空域管理,由官方平台监管方向、低空应用场景与安全感知需求归纳，不是官方观测值,按flight_id、grid_id、route_id、alert_type、timestamp等字段聚合计算,用于PPT指标体系、系统原型和数据看板设计。
文旅观光,KPI0106,飞行高度合规率,日/航线,scenario_kpi_template,环形图,运营统计/风险预警/应急联动/公众服务/空域管理,由官方平台监管方向、低空应用场景与安全感知需求归纳，不是官方观测值,按flight_id、grid_id、route_id、alert_type、timestamp等字段聚合计算,用于PPT指标体系、系统原型和数据看板设计。
文旅观光,KPI0107,飞行速度合规率,日/航线,scenario_kpi_template,环形图,运营统计/风险预警/应急联动/公众服务/空域管理,由官方平台监管方向、低空应用场景与安全感知需求归纳，不是官方观测值,按flight_id、grid_id、route_id、alert_type、timestamp等字段聚合计算,用于PPT指标体系、系统原型和数据看板设计。
文旅观光,KPI0108,高风险网格占比,日/街道,scenario_kpi_template,地图热力图,运营统计/风险预警/应急联动/公众服务/空域管理,由官方平台监管方向、低空应用场景与安全感知需求归纳，不是官方观测值,按flight_id、grid_id、route_id、alert_type、timestamp等字段聚合计算,用于PPT指标体系、系统原型和数据看板设计。
文旅观光,KPI0109,气象影响取消率,日/航线,scenario_kpi_template,折线图,运营统计/风险预警/应急联动/公众服务/空域管理,由官方平台监管方向、低空应用场景与安全感知需求归纳，不是官方观测值,按flight_id、grid_id、route_id、alert_type、timestamp等字段聚合计算,用于PPT指标体系、系统原型和数据看板设计。
文旅观光,KPI0110,任务完成率,日/场景,scenario_kpi_template,柱状图,运营统计/风险预警/应急联动/公众服务/空域管理,由官方平台监管方向、低空应用场景与安全感知需求归纳，不是官方观测值,按flight_id、grid_id、route_id、alert_type、timestamp等字段聚合计算,用于PPT指标体系、系统原型和数据看板设计。
文旅观光,KPI0111,单位里程成本,月/场景,scenario_kpi_template,折线图,运营统计/风险预警/应急联动/公众服务/空域管理,由官方平台监管方向、低空应用场景与安全感知需求归纳，不是官方观测值,按flight_id、grid_id、route_id、alert_type、timestamp等字段聚合计算,用于PPT指标体系、系统原型和数据看板设计。
文旅观光,KPI0112,有效载荷利用率,日/任务,scenario_kpi_template,散点图,运营统计/风险预警/应急联动/公众服务/空域管理,由官方平台监管方向、低空应用场景与安全感知需求归纳，不是官方观测值,按flight_id、grid_id、route_id、alert_type、timestamp等字段聚合计算,用于PPT指标体系、系统原型和数据看板设计。
文旅观光,KPI0113,设备在线率,小时/设备,scenario_kpi_template,仪表盘,运营统计/风险预警/应急联动/公众服务/空域管理,由官方平台监管方向、低空应用场景与安全感知需求归纳，不是官方观测值,按flight_id、grid_id、route_id、alert_type、timestamp等字段聚合计算,用于PPT指标体系、系统原型和数据看板设计。
文旅观光,KPI0114,传感器覆盖率,网格/街道,scenario_kpi_template,地图,运营统计/风险预警/应急联动/公众服务/空域管理,由官方平台监管方向、低空应用场景与安全感知需求归纳，不是官方观测值,按flight_id、grid_id、route_id、alert_type、timestamp等字段聚合计算,用于PPT指标体系、系统原型和数据看板设计。
文旅观光,KPI0115,重复告警率,日/事件类型,scenario_kpi_template,帕累托图,运营统计/风险预警/应急联动/公众服务/空域管理,由官方平台监管方向、低空应用场景与安全感知需求归纳，不是官方观测值,按flight_id、grid_id、route_id、alert_type、timestamp等字段聚合计算,用于PPT指标体系、系统原型和数据看板设计。
文旅观光,KPI0116,黑飞疑似识别数,小时/网格,scenario_kpi_template,热力图,运营统计/风险预警/应急联动/公众服务/空域管理,由官方平台监管方向、低空应用场景与安全感知需求归纳，不是官方观测值,按flight_id、grid_id、route_id、alert_type、timestamp等字段聚合计算,用于PPT指标体系、系统原型和数据看板设计。
文旅观光,KPI0117,低电量返航率,日/机型,scenario_kpi_template,柱状图,运营统计/风险预警/应急联动/公众服务/空域管理,由官方平台监管方向、低空应用场景与安全感知需求归纳，不是官方观测值,按flight_id、grid_id、route_id、alert_type、timestamp等字段聚合计算,用于PPT指标体系、系统原型和数据看板设计。
文旅观光,KPI0118,人群密集区飞越次数,小时/网格,scenario_kpi_template,热力图,运营统计/风险预警/应急联动/公众服务/空域管理,由官方平台监管方向、低空应用场景与安全感知需求归纳，不是官方观测值,按flight_id、grid_id、route_id、alert_type、timestamp等字段聚合计算,用于PPT指标体系、系统原型和数据看板设计。
文旅观光,KPI0119,禁飞区接近次数,小时/网格,scenario_kpi_template,热力图,运营统计/风险预警/应急联动/公众服务/空域管理,由官方平台监管方向、低空应用场景与安全感知需求归纳，不是官方观测值,按flight_id、grid_id、route_id、alert_type、timestamp等字段聚合计算,用于PPT指标体系、系统原型和数据看板设计。
文旅观光,KPI0120,飞行密度指数,小时/网格,scenario_kpi_template,热力图,运营统计/风险预警/应急联动/公众服务/空域管理,由官方平台监管方向、低空应用场景与安全感知需求归纳，不是官方观测值,按flight_id、grid_id、route_id、alert_type、timestamp等字段聚合计算,用于PPT指标体系、系统原型和数据看板设计。
载人eVTOL/UAM,KPI0121,日均飞行架次,小时/日/航线/网格,scenario_kpi_template,折线图,运营统计/风险预警/应急联动/公众服务/空域管理,由官方平台监管方向、低空应用场景与安全感知需求归纳，不是官方观测值,按flight_id、grid_id、route_id、alert_type、timestamp等字段聚合计算,用于PPT指标体系、系统原型和数据看板设计。
载人eVTOL/UAM,KPI0122,准点率,日/航线,scenario_kpi_template,柱状图,运营统计/风险预警/应急联动/公众服务/空域管理,由官方平台监管方向、低空应用场景与安全感知需求归纳，不是官方观测值,按flight_id、grid_id、route_id、alert_type、timestamp等字段聚合计算,用于PPT指标体系、系统原型和数据看板设计。
载人eVTOL/UAM,KPI0123,飞行计划通过率,日/场景,scenario_kpi_template,漏斗图,运营统计/风险预警/应急联动/公众服务/空域管理,由官方平台监管方向、低空应用场景与安全感知需求归纳，不是官方观测值,按flight_id、grid_id、route_id、alert_type、timestamp等字段聚合计算,用于PPT指标体系、系统原型和数据看板设计。
载人eVTOL/UAM,KPI0124,平均审批时长,日/场景,scenario_kpi_template,箱线图,运营统计/风险预警/应急联动/公众服务/空域管理,由官方平台监管方向、低空应用场景与安全感知需求归纳，不是官方观测值,按flight_id、grid_id、route_id、alert_type、timestamp等字段聚合计算,用于PPT指标体系、系统原型和数据看板设计。
载人eVTOL/UAM,KPI0125,电子围栏越界率,日/网格,scenario_kpi_template,热力图,运营统计/风险预警/应急联动/公众服务/空域管理,由官方平台监管方向、低空应用场景与安全感知需求归纳，不是官方观测值,按flight_id、grid_id、route_id、alert_type、timestamp等字段聚合计算,用于PPT指标体系、系统原型和数据看板设计。
载人eVTOL/UAM,KPI0126,远程识别在线率,小时/设备/航线,scenario_kpi_template,仪表盘,运营统计/风险预警/应急联动/公众服务/空域管理,由官方平台监管方向、低空应用场景与安全感知需求归纳，不是官方观测值,按flight_id、grid_id、route_id、alert_type、timestamp等字段聚合计算,用于PPT指标体系、系统原型和数据看板设计。
载人eVTOL/UAM,KPI0127,通信链路可用率,分钟/网格,scenario_kpi_template,地图热力图,运营统计/风险预警/应急联动/公众服务/空域管理,由官方平台监管方向、低空应用场景与安全感知需求归纳，不是官方观测值,按flight_id、grid_id、route_id、alert_type、timestamp等字段聚合计算,用于PPT指标体系、系统原型和数据看板设计。
载人eVTOL/UAM,KPI0128,告警闭环率,日/部门,scenario_kpi_template,堆叠柱状图,运营统计/风险预警/应急联动/公众服务/空域管理,由官方平台监管方向、低空应用场景与安全感知需求归纳，不是官方观测值,按flight_id、grid_id、route_id、alert_type、timestamp等字段聚合计算,用于PPT指标体系、系统原型和数据看板设计。
载人eVTOL/UAM,KPI0129,平均处置时长,日/部门/事件类型,scenario_kpi_template,箱线图,运营统计/风险预警/应急联动/公众服务/空域管理,由官方平台监管方向、低空应用场景与安全感知需求归纳，不是官方观测值,按flight_id、grid_id、route_id、alert_type、timestamp等字段聚合计算,用于PPT指标体系、系统原型和数据看板设计。
载人eVTOL/UAM,KPI0130,飞行高度合规率,日/航线,scenario_kpi_template,环形图,运营统计/风险预警/应急联动/公众服务/空域管理,由官方平台监管方向、低空应用场景与安全感知需求归纳，不是官方观测值,按flight_id、grid_id、route_id、alert_type、timestamp等字段聚合计算,用于PPT指标体系、系统原型和数据看板设计。
载人eVTOL/UAM,KPI0131,飞行速度合规率,日/航线,scenario_kpi_template,环形图,运营统计/风险预警/应急联动/公众服务/空域管理,由官方平台监管方向、低空应用场景与安全感知需求归纳，不是官方观测值,按flight_id、grid_id、route_id、alert_type、timestamp等字段聚合计算,用于PPT指标体系、系统原型和数据看板设计。
载人eVTOL/UAM,KPI0132,高风险网格占比,日/街道,scenario_kpi_template,地图热力图,运营统计/风险预警/应急联动/公众服务/空域管理,由官方平台监管方向、低空应用场景与安全感知需求归纳，不是官方观测值,按flight_id、grid_id、route_id、alert_type、timestamp等字段聚合计算,用于PPT指标体系、系统原型和数据看板设计。
载人eVTOL/UAM,KPI0133,气象影响取消率,日/航线,scenario_kpi_template,折线图,运营统计/风险预警/应急联动/公众服务/空域管理,由官方平台监管方向、低空应用场景与安全感知需求归纳，不是官方观测值,按flight_id、grid_id、route_id、alert_type、timestamp等字段聚合计算,用于PPT指标体系、系统原型和数据看板设计。
载人eVTOL/UAM,KPI0134,任务完成率,日/场景,scenario_kpi_template,柱状图,运营统计/风险预警/应急联动/公众服务/空域管理,由官方平台监管方向、低空应用场景与安全感知需求归纳，不是官方观测值,按flight_id、grid_id、route_id、alert_type、timestamp等字段聚合计算,用于PPT指标体系、系统原型和数据看板设计。
载人eVTOL/UAM,KPI0135,单位里程成本,月/场景,scenario_kpi_template,折线图,运营统计/风险预警/应急联动/公众服务/空域管理,由官方平台监管方向、低空应用场景与安全感知需求归纳，不是官方观测值,按flight_id、grid_id、route_id、alert_type、timestamp等字段聚合计算,用于PPT指标体系、系统原型和数据看板设计。
载人eVTOL/UAM,KPI0136,有效载荷利用率,日/任务,scenario_kpi_template,散点图,运营统计/风险预警/应急联动/公众服务/空域管理,由官方平台监管方向、低空应用场景与安全感知需求归纳，不是官方观测值,按flight_id、grid_id、route_id、alert_type、timestamp等字段聚合计算,用于PPT指标体系、系统原型和数据看板设计。
载人eVTOL/UAM,KPI0137,设备在线率,小时/设备,scenario_kpi_template,仪表盘,运营统计/风险预警/应急联动/公众服务/空域管理,由官方平台监管方向、低空应用场景与安全感知需求归纳，不是官方观测值,按flight_id、grid_id、route_id、alert_type、timestamp等字段聚合计算,用于PPT指标体系、系统原型和数据看板设计。
载人eVTOL/UAM,KPI0138,传感器覆盖率,网格/街道,scenario_kpi_template,地图,运营统计/风险预警/应急联动/公众服务/空域管理,由官方平台监管方向、低空应用场景与安全感知需求归纳，不是官方观测值,按flight_id、grid_id、route_id、alert_type、timestamp等字段聚合计算,用于PPT指标体系、系统原型和数据看板设计。
载人eVTOL/UAM,KPI0139,重复告警率,日/事件类型,scenario_kpi_template,帕累托图,运营统计/风险预警/应急联动/公众服务/空域管理,由官方平台监管方向、低空应用场景与安全感知需求归纳，不是官方观测值,按flight_id、grid_id、route_id、alert_type、timestamp等字段聚合计算,用于PPT指标体系、系统原型和数据看板设计。
载人eVTOL/UAM,KPI0140,黑飞疑似识别数,小时/网格,scenario_kpi_template,热力图,运营统计/风险预警/应急联动/公众服务/空域管理,由官方平台监管方向、低空应用场景与安全感知需求归纳，不是官方观测值,按flight_id、grid_id、route_id、alert_type、timestamp等字段聚合计算,用于PPT指标体系、系统原型和数据看板设计。
载人eVTOL/UAM,KPI0141,低电量返航率,日/机型,scenario_kpi_template,柱状图,运营统计/风险预警/应急联动/公众服务/空域管理,由官方平台监管方向、低空应用场景与安全感知需求归纳，不是官方观测值,按flight_id、grid_id、route_id、alert_type、timestamp等字段聚合计算,用于PPT指标体系、系统原型和数据看板设计。
载人eVTOL/UAM,KPI0142,人群密集区飞越次数,小时/网格,scenario_kpi_template,热力图,运营统计/风险预警/应急联动/公众服务/空域管理,由官方平台监管方向、低空应用场景与安全感知需求归纳，不是官方观测值,按flight_id、grid_id、route_id、alert_type、timestamp等字段聚合计算,用于PPT指标体系、系统原型和数据看板设计。
载人eVTOL/UAM,KPI0143,禁飞区接近次数,小时/网格,scenario_kpi_template,热力图,运营统计/风险预警/应急联动/公众服务/空域管理,由官方平台监管方向、低空应用场景与安全感知需求归纳，不是官方观测值,按flight_id、grid_id、route_id、alert_type、timestamp等字段聚合计算,用于PPT指标体系、系统原型和数据看板设计。
载人eVTOL/UAM,KPI0144,飞行密度指数,小时/网格,scenario_kpi_template,热力图,运营统计/风险预警/应急联动/公众服务/空域管理,由官方平台监管方向、低空应用场景与安全感知需求归纳，不是官方观测值,按flight_id、grid_id、route_id、alert_type、timestamp等字段聚合计算,用于PPT指标体系、系统原型和数据看板设计。
农业植保,KPI0145,日均飞行架次,小时/日/航线/网格,scenario_kpi_template,折线图,运营统计/风险预警/应急联动/公众服务/空域管理,由官方平台监管方向、低空应用场景与安全感知需求归纳，不是官方观测值,按flight_id、grid_id、route_id、alert_type、timestamp等字段聚合计算,用于PPT指标体系、系统原型和数据看板设计。
农业植保,KPI0146,准点率,日/航线,scenario_kpi_template,柱状图,运营统计/风险预警/应急联动/公众服务/空域管理,由官方平台监管方向、低空应用场景与安全感知需求归纳，不是官方观测值,按flight_id、grid_id、route_id、alert_type、timestamp等字段聚合计算,用于PPT指标体系、系统原型和数据看板设计。
农业植保,KPI0147,飞行计划通过率,日/场景,scenario_kpi_template,漏斗图,运营统计/风险预警/应急联动/公众服务/空域管理,由官方平台监管方向、低空应用场景与安全感知需求归纳，不是官方观测值,按flight_id、grid_id、route_id、alert_type、timestamp等字段聚合计算,用于PPT指标体系、系统原型和数据看板设计。
农业植保,KPI0148,平均审批时长,日/场景,scenario_kpi_template,箱线图,运营统计/风险预警/应急联动/公众服务/空域管理,由官方平台监管方向、低空应用场景与安全感知需求归纳，不是官方观测值,按flight_id、grid_id、route_id、alert_type、timestamp等字段聚合计算,用于PPT指标体系、系统原型和数据看板设计。
农业植保,KPI0149,电子围栏越界率,日/网格,scenario_kpi_template,热力图,运营统计/风险预警/应急联动/公众服务/空域管理,由官方平台监管方向、低空应用场景与安全感知需求归纳，不是官方观测值,按flight_id、grid_id、route_id、alert_type、timestamp等字段聚合计算,用于PPT指标体系、系统原型和数据看板设计。
农业植保,KPI0150,远程识别在线率,小时/设备/航线,scenario_kpi_template,仪表盘,运营统计/风险预警/应急联动/公众服务/空域管理,由官方平台监管方向、低空应用场景与安全感知需求归纳，不是官方观测值,按flight_id、grid_id、route_id、alert_type、timestamp等字段聚合计算,用于PPT指标体系、系统原型和数据看板设计。
农业植保,KPI0151,通信链路可用率,分钟/网格,scenario_kpi_template,地图热力图,运营统计/风险预警/应急联动/公众服务/空域管理,由官方平台监管方向、低空应用场景与安全感知需求归纳，不是官方观测值,按flight_id、grid_id、route_id、alert_type、timestamp等字段聚合计算,用于PPT指标体系、系统原型和数据看板设计。
农业植保,KPI0152,告警闭环率,日/部门,scenario_kpi_template,堆叠柱状图,运营统计/风险预警/应急联动/公众服务/空域管理,由官方平台监管方向、低空应用场景与安全感知需求归纳，不是官方观测值,按flight_id、grid_id、route_id、alert_type、timestamp等字段聚合计算,用于PPT指标体系、系统原型和数据看板设计。
农业植保,KPI0153,平均处置时长,日/部门/事件类型,scenario_kpi_template,箱线图,运营统计/风险预警/应急联动/公众服务/空域管理,由官方平台监管方向、低空应用场景与安全感知需求归纳，不是官方观测值,按flight_id、grid_id、route_id、alert_type、timestamp等字段聚合计算,用于PPT指标体系、系统原型和数据看板设计。
农业植保,KPI0154,飞行高度合规率,日/航线,scenario_kpi_template,环形图,运营统计/风险预警/应急联动/公众服务/空域管理,由官方平台监管方向、低空应用场景与安全感知需求归纳，不是官方观测值,按flight_id、grid_id、route_id、alert_type、timestamp等字段聚合计算,用于PPT指标体系、系统原型和数据看板设计。
农业植保,KPI0155,飞行速度合规率,日/航线,scenario_kpi_template,环形图,运营统计/风险预警/应急联动/公众服务/空域管理,由官方平台监管方向、低空应用场景与安全感知需求归纳，不是官方观测值,按flight_id、grid_id、route_id、alert_type、timestamp等字段聚合计算,用于PPT指标体系、系统原型和数据看板设计。
农业植保,KPI0156,高风险网格占比,日/街道,scenario_kpi_template,地图热力图,运营统计/风险预警/应急联动/公众服务/空域管理,由官方平台监管方向、低空应用场景与安全感知需求归纳，不是官方观测值,按flight_id、grid_id、route_id、alert_type、timestamp等字段聚合计算,用于PPT指标体系、系统原型和数据看板设计。
农业植保,KPI0157,气象影响取消率,日/航线,scenario_kpi_template,折线图,运营统计/风险预警/应急联动/公众服务/空域管理,由官方平台监管方向、低空应用场景与安全感知需求归纳，不是官方观测值,按flight_id、grid_id、route_id、alert_type、timestamp等字段聚合计算,用于PPT指标体系、系统原型和数据看板设计。
农业植保,KPI0158,任务完成率,日/场景,scenario_kpi_template,柱状图,运营统计/风险预警/应急联动/公众服务/空域管理,由官方平台监管方向、低空应用场景与安全感知需求归纳，不是官方观测值,按flight_id、grid_id、route_id、alert_type、timestamp等字段聚合计算,用于PPT指标体系、系统原型和数据看板设计。
农业植保,KPI0159,单位里程成本,月/场景,scenario_kpi_template,折线图,运营统计/风险预警/应急联动/公众服务/空域管理,由官方平台监管方向、低空应用场景与安全感知需求归纳，不是官方观测值,按flight_id、grid_id、route_id、alert_type、timestamp等字段聚合计算,用于PPT指标体系、系统原型和数据看板设计。
农业植保,KPI0160,有效载荷利用率,日/任务,scenario_kpi_template,散点图,运营统计/风险预警/应急联动/公众服务/空域管理,由官方平台监管方向、低空应用场景与安全感知需求归纳，不是官方观测值,按flight_id、grid_id、route_id、alert_type、timestamp等字段聚合计算,用于PPT指标体系、系统原型和数据看板设计。
农业植保,KPI0161,设备在线率,小时/设备,scenario_kpi_template,仪表盘,运营统计/风险预警/应急联动/公众服务/空域管理,由官方平台监管方向、低空应用场景与安全感知需求归纳，不是官方观测值,按flight_id、grid_id、route_id、alert_type、timestamp等字段聚合计算,用于PPT指标体系、系统原型和数据看板设计。
农业植保,KPI0162,传感器覆盖率,网格/街道,scenario_kpi_template,地图,运营统计/风险预警/应急联动/公众服务/空域管理,由官方平台监管方向、低空应用场景与安全感知需求归纳，不是官方观测值,按flight_id、grid_id、route_id、alert_type、timestamp等字段聚合计算,用于PPT指标体系、系统原型和数据看板设计。
农业植保,KPI0163,重复告警率,日/事件类型,scenario_kpi_template,帕累托图,运营统计/风险预警/应急联动/公众服务/空域管理,由官方平台监管方向、低空应用场景与安全感知需求归纳，不是官方观测值,按flight_id、grid_id、route_id、alert_type、timestamp等字段聚合计算,用于PPT指标体系、系统原型和数据看板设计。
农业植保,KPI0164,黑飞疑似识别数,小时/网格,scenario_kpi_template,热力图,运营统计/风险预警/应急联动/公众服务/空域管理,由官方平台监管方向、低空应用场景与安全感知需求归纳，不是官方观测值,按flight_id、grid_id、route_id、alert_type、timestamp等字段聚合计算,用于PPT指标体系、系统原型和数据看板设计。
农业植保,KPI0165,低电量返航率,日/机型,scenario_kpi_template,柱状图,运营统计/风险预警/应急联动/公众服务/空域管理,由官方平台监管方向、低空应用场景与安全感知需求归纳，不是官方观测值,按flight_id、grid_id、route_id、alert_type、timestamp等字段聚合计算,用于PPT指标体系、系统原型和数据看板设计。
农业植保,KPI0166,人群密集区飞越次数,小时/网格,scenario_kpi_template,热力图,运营统计/风险预警/应急联动/公众服务/空域管理,由官方平台监管方向、低空应用场景与安全感知需求归纳，不是官方观测值,按flight_id、grid_id、route_id、alert_type、timestamp等字段聚合计算,用于PPT指标体系、系统原型和数据看板设计。
农业植保,KPI0167,禁飞区接近次数,小时/网格,scenario_kpi_template,热力图,运营统计/风险预警/应急联动/公众服务/空域管理,由官方平台监管方向、低空应用场景与安全感知需求归纳，不是官方观测值,按flight_id、grid_id、route_id、alert_type、timestamp等字段聚合计算,用于PPT指标体系、系统原型和数据看板设计。
农业植保,KPI0168,飞行密度指数,小时/网格,scenario_kpi_template,热力图,运营统计/风险预警/应急联动/公众服务/空域管理,由官方平台监管方向、低空应用场景与安全感知需求归纳，不是官方观测值,按flight_id、grid_id、route_id、alert_type、timestamp等字段聚合计算,用于PPT指标体系、系统原型和数据看板设计。
电力巡检,KPI0169,日均飞行架次,小时/日/航线/网格,scenario_kpi_template,折线图,运营统计/风险预警/应急联动/公众服务/空域管理,由官方平台监管方向、低空应用场景与安全感知需求归纳，不是官方观测值,按flight_id、grid_id、route_id、alert_type、timestamp等字段聚合计算,用于PPT指标体系、系统原型和数据看板设计。
电力巡检,KPI0170,准点率,日/航线,scenario_kpi_template,柱状图,运营统计/风险预警/应急联动/公众服务/空域管理,由官方平台监管方向、低空应用场景与安全感知需求归纳，不是官方观测值,按flight_id、grid_id、route_id、alert_type、timestamp等字段聚合计算,用于PPT指标体系、系统原型和数据看板设计。
电力巡检,KPI0171,飞行计划通过率,日/场景,scenario_kpi_template,漏斗图,运营统计/风险预警/应急联动/公众服务/空域管理,由官方平台监管方向、低空应用场景与安全感知需求归纳，不是官方观测值,按flight_id、grid_id、route_id、alert_type、timestamp等字段聚合计算,用于PPT指标体系、系统原型和数据看板设计。
电力巡检,KPI0172,平均审批时长,日/场景,scenario_kpi_template,箱线图,运营统计/风险预警/应急联动/公众服务/空域管理,由官方平台监管方向、低空应用场景与安全感知需求归纳，不是官方观测值,按flight_id、grid_id、route_id、alert_type、timestamp等字段聚合计算,用于PPT指标体系、系统原型和数据看板设计。
电力巡检,KPI0173,电子围栏越界率,日/网格,scenario_kpi_template,热力图,运营统计/风险预警/应急联动/公众服务/空域管理,由官方平台监管方向、低空应用场景与安全感知需求归纳，不是官方观测值,按flight_id、grid_id、route_id、alert_type、timestamp等字段聚合计算,用于PPT指标体系、系统原型和数据看板设计。
电力巡检,KPI0174,远程识别在线率,小时/设备/航线,scenario_kpi_template,仪表盘,运营统计/风险预警/应急联动/公众服务/空域管理,由官方平台监管方向、低空应用场景与安全感知需求归纳，不是官方观测值,按flight_id、grid_id、route_id、alert_type、timestamp等字段聚合计算,用于PPT指标体系、系统原型和数据看板设计。
电力巡检,KPI0175,通信链路可用率,分钟/网格,scenario_kpi_template,地图热力图,运营统计/风险预警/应急联动/公众服务/空域管理,由官方平台监管方向、低空应用场景与安全感知需求归纳，不是官方观测值,按flight_id、grid_id、route_id、alert_type、timestamp等字段聚合计算,用于PPT指标体系、系统原型和数据看板设计。
电力巡检,KPI0176,告警闭环率,日/部门,scenario_kpi_template,堆叠柱状图,运营统计/风险预警/应急联动/公众服务/空域管理,由官方平台监管方向、低空应用场景与安全感知需求归纳，不是官方观测值,按flight_id、grid_id、route_id、alert_type、timestamp等字段聚合计算,用于PPT指标体系、系统原型和数据看板设计。
电力巡检,KPI0177,平均处置时长,日/部门/事件类型,scenario_kpi_template,箱线图,运营统计/风险预警/应急联动/公众服务/空域管理,由官方平台监管方向、低空应用场景与安全感知需求归纳，不是官方观测值,按flight_id、grid_id、route_id、alert_type、timestamp等字段聚合计算,用于PPT指标体系、系统原型和数据看板设计。
电力巡检,KPI0178,飞行高度合规率,日/航线,scenario_kpi_template,环形图,运营统计/风险预警/应急联动/公众服务/空域管理,由官方平台监管方向、低空应用场景与安全感知需求归纳，不是官方观测值,按flight_id、grid_id、route_id、alert_type、timestamp等字段聚合计算,用于PPT指标体系、系统原型和数据看板设计。
电力巡检,KPI0179,飞行速度合规率,日/航线,scenario_kpi_template,环形图,运营统计/风险预警/应急联动/公众服务/空域管理,由官方平台监管方向、低空应用场景与安全感知需求归纳，不是官方观测值,按flight_id、grid_id、route_id、alert_type、timestamp等字段聚合计算,用于PPT指标体系、系统原型和数据看板设计。
电力巡检,KPI0180,高风险网格占比,日/街道,scenario_kpi_template,地图热力图,运营统计/风险预警/应急联动/公众服务/空域管理,由官方平台监管方向、低空应用场景与安全感知需求归纳，不是官方观测值,按flight_id、grid_id、route_id、alert_type、timestamp等字段聚合计算,用于PPT指标体系、系统原型和数据看板设计。
电力巡检,KPI0181,气象影响取消率,日/航线,scenario_kpi_template,折线图,运营统计/风险预警/应急联动/公众服务/空域管理,由官方平台监管方向、低空应用场景与安全感知需求归纳，不是官方观测值,按flight_id、grid_id、route_id、alert_type、timestamp等字段聚合计算,用于PPT指标体系、系统原型和数据看板设计。
电力巡检,KPI0182,任务完成率,日/场景,scenario_kpi_template,柱状图,运营统计/风险预警/应急联动/公众服务/空域管理,由官方平台监管方向、低空应用场景与安全感知需求归纳，不是官方观测值,按flight_id、grid_id、route_id、alert_type、timestamp等字段聚合计算,用于PPT指标体系、系统原型和数据看板设计。
电力巡检,KPI0183,单位里程成本,月/场景,scenario_kpi_template,折线图,运营统计/风险预警/应急联动/公众服务/空域管理,由官方平台监管方向、低空应用场景与安全感知需求归纳，不是官方观测值,按flight_id、grid_id、route_id、alert_type、timestamp等字段聚合计算,用于PPT指标体系、系统原型和数据看板设计。
电力巡检,KPI0184,有效载荷利用率,日/任务,scenario_kpi_template,散点图,运营统计/风险预警/应急联动/公众服务/空域管理,由官方平台监管方向、低空应用场景与安全感知需求归纳，不是官方观测值,按flight_id、grid_id、route_id、alert_type、timestamp等字段聚合计算,用于PPT指标体系、系统原型和数据看板设计。
电力巡检,KPI0185,设备在线率,小时/设备,scenario_kpi_template,仪表盘,运营统计/风险预警/应急联动/公众服务/空域管理,由官方平台监管方向、低空应用场景与安全感知需求归纳，不是官方观测值,按flight_id、grid_id、route_id、alert_type、timestamp等字段聚合计算,用于PPT指标体系、系统原型和数据看板设计。
电力巡检,KPI0186,传感器覆盖率,网格/街道,scenario_kpi_template,地图,运营统计/风险预警/应急联动/公众服务/空域管理,由官方平台监管方向、低空应用场景与安全感知需求归纳，不是官方观测值,按flight_id、grid_id、route_id、alert_type、timestamp等字段聚合计算,用于PPT指标体系、系统原型和数据看板设计。
电力巡检,KPI0187,重复告警率,日/事件类型,scenario_kpi_template,帕累托图,运营统计/风险预警/应急联动/公众服务/空域管理,由官方平台监管方向、低空应用场景与安全感知需求归纳，不是官方观测值,按flight_id、grid_id、route_id、alert_type、timestamp等字段聚合计算,用于PPT指标体系、系统原型和数据看板设计。
电力巡检,KPI0188,黑飞疑似识别数,小时/网格,scenario_kpi_template,热力图,运营统计/风险预警/应急联动/公众服务/空域管理,由官方平台监管方向、低空应用场景与安全感知需求归纳，不是官方观测值,按flight_id、grid_id、route_id、alert_type、timestamp等字段聚合计算,用于PPT指标体系、系统原型和数据看板设计。
电力巡检,KPI0189,低电量返航率,日/机型,scenario_kpi_template,柱状图,运营统计/风险预警/应急联动/公众服务/空域管理,由官方平台监管方向、低空应用场景与安全感知需求归纳，不是官方观测值,按flight_id、grid_id、route_id、alert_type、timestamp等字段聚合计算,用于PPT指标体系、系统原型和数据看板设计。
电力巡检,KPI0190,人群密集区飞越次数,小时/网格,scenario_kpi_template,热力图,运营统计/风险预警/应急联动/公众服务/空域管理,由官方平台监管方向、低空应用场景与安全感知需求归纳，不是官方观测值,按flight_id、grid_id、route_id、alert_type、timestamp等字段聚合计算,用于PPT指标体系、系统原型和数据看板设计。
电力巡检,KPI0191,禁飞区接近次数,小时/网格,scenario_kpi_template,热力图,运营统计/风险预警/应急联动/公众服务/空域管理,由官方平台监管方向、低空应用场景与安全感知需求归纳，不是官方观测值,按flight_id、grid_id、route_id、alert_type、timestamp等字段聚合计算,用于PPT指标体系、系统原型和数据看板设计。
电力巡检,KPI0192,飞行密度指数,小时/网格,scenario_kpi_template,热力图,运营统计/风险预警/应急联动/公众服务/空域管理,由官方平台监管方向、低空应用场景与安全感知需求归纳，不是官方观测值,按flight_id、grid_id、route_id、alert_type、timestamp等字段聚合计算,用于PPT指标体系、系统原型和数据看板设计。
水利巡检,KPI0193,日均飞行架次,小时/日/航线/网格,scenario_kpi_template,折线图,运营统计/风险预警/应急联动/公众服务/空域管理,由官方平台监管方向、低空应用场景与安全感知需求归纳，不是官方观测值,按flight_id、grid_id、route_id、alert_type、timestamp等字段聚合计算,用于PPT指标体系、系统原型和数据看板设计。
水利巡检,KPI0194,准点率,日/航线,scenario_kpi_template,柱状图,运营统计/风险预警/应急联动/公众服务/空域管理,由官方平台监管方向、低空应用场景与安全感知需求归纳，不是官方观测值,按flight_id、grid_id、route_id、alert_type、timestamp等字段聚合计算,用于PPT指标体系、系统原型和数据看板设计。
水利巡检,KPI0195,飞行计划通过率,日/场景,scenario_kpi_template,漏斗图,运营统计/风险预警/应急联动/公众服务/空域管理,由官方平台监管方向、低空应用场景与安全感知需求归纳，不是官方观测值,按flight_id、grid_id、route_id、alert_type、timestamp等字段聚合计算,用于PPT指标体系、系统原型和数据看板设计。
水利巡检,KPI0196,平均审批时长,日/场景,scenario_kpi_template,箱线图,运营统计/风险预警/应急联动/公众服务/空域管理,由官方平台监管方向、低空应用场景与安全感知需求归纳，不是官方观测值,按flight_id、grid_id、route_id、alert_type、timestamp等字段聚合计算,用于PPT指标体系、系统原型和数据看板设计。
水利巡检,KPI0197,电子围栏越界率,日/网格,scenario_kpi_template,热力图,运营统计/风险预警/应急联动/公众服务/空域管理,由官方平台监管方向、低空应用场景与安全感知需求归纳，不是官方观测值,按flight_id、grid_id、route_id、alert_type、timestamp等字段聚合计算,用于PPT指标体系、系统原型和数据看板设计。
水利巡检,KPI0198,远程识别在线率,小时/设备/航线,scenario_kpi_template,仪表盘,运营统计/风险预警/应急联动/公众服务/空域管理,由官方平台监管方向、低空应用场景与安全感知需求归纳，不是官方观测值,按flight_id、grid_id、route_id、alert_type、timestamp等字段聚合计算,用于PPT指标体系、系统原型和数据看板设计。
水利巡检,KPI0199,通信链路可用率,分钟/网格,scenario_kpi_template,地图热力图,运营统计/风险预警/应急联动/公众服务/空域管理,由官方平台监管方向、低空应用场景与安全感知需求归纳，不是官方观测值,按flight_id、grid_id、route_id、alert_type、timestamp等字段聚合计算,用于PPT指标体系、系统原型和数据看板设计。
水利巡检,KPI0200,告警闭环率,日/部门,scenario_kpi_template,堆叠柱状图,运营统计/风险预警/应急联动/公众服务/空域管理,由官方平台监管方向、低空应用场景与安全感知需求归纳，不是官方观测值,按flight_id、grid_id、route_id、alert_type、timestamp等字段聚合计算,用于PPT指标体系、系统原型和数据看板设计。
水利巡检,KPI0201,平均处置时长,日/部门/事件类型,scenario_kpi_template,箱线图,运营统计/风险预警/应急联动/公众服务/空域管理,由官方平台监管方向、低空应用场景与安全感知需求归纳，不是官方观测值,按flight_id、grid_id、route_id、alert_type、timestamp等字段聚合计算,用于PPT指标体系、系统原型和数据看板设计。
水利巡检,KPI0202,飞行高度合规率,日/航线,scenario_kpi_template,环形图,运营统计/风险预警/应急联动/公众服务/空域管理,由官方平台监管方向、低空应用场景与安全感知需求归纳，不是官方观测值,按flight_id、grid_id、route_id、alert_type、timestamp等字段聚合计算,用于PPT指标体系、系统原型和数据看板设计。
水利巡检,KPI0203,飞行速度合规率,日/航线,scenario_kpi_template,环形图,运营统计/风险预警/应急联动/公众服务/空域管理,由官方平台监管方向、低空应用场景与安全感知需求归纳，不是官方观测值,按flight_id、grid_id、route_id、alert_type、timestamp等字段聚合计算,用于PPT指标体系、系统原型和数据看板设计。
水利巡检,KPI0204,高风险网格占比,日/街道,scenario_kpi_template,地图热力图,运营统计/风险预警/应急联动/公众服务/空域管理,由官方平台监管方向、低空应用场景与安全感知需求归纳，不是官方观测值,按flight_id、grid_id、route_id、alert_type、timestamp等字段聚合计算,用于PPT指标体系、系统原型和数据看板设计。
水利巡检,KPI0205,气象影响取消率,日/航线,scenario_kpi_template,折线图,运营统计/风险预警/应急联动/公众服务/空域管理,由官方平台监管方向、低空应用场景与安全感知需求归纳，不是官方观测值,按flight_id、grid_id、route_id、alert_type、timestamp等字段聚合计算,用于PPT指标体系、系统原型和数据看板设计。
水利巡检,KPI0206,任务完成率,日/场景,scenario_kpi_template,柱状图,运营统计/风险预警/应急联动/公众服务/空域管理,由官方平台监管方向、低空应用场景与安全感知需求归纳，不是官方观测值,按flight_id、grid_id、route_id、alert_type、timestamp等字段聚合计算,用于PPT指标体系、系统原型和数据看板设计。
水利巡检,KPI0207,单位里程成本,月/场景,scenario_kpi_template,折线图,运营统计/风险预警/应急联动/公众服务/空域管理,由官方平台监管方向、低空应用场景与安全感知需求归纳，不是官方观测值,按flight_id、grid_id、route_id、alert_type、timestamp等字段聚合计算,用于PPT指标体系、系统原型和数据看板设计。
水利巡检,KPI0208,有效载荷利用率,日/任务,scenario_kpi_template,散点图,运营统计/风险预警/应急联动/公众服务/空域管理,由官方平台监管方向、低空应用场景与安全感知需求归纳，不是官方观测值,按flight_id、grid_id、route_id、alert_type、timestamp等字段聚合计算,用于PPT指标体系、系统原型和数据看板设计。
水利巡检,KPI0209,设备在线率,小时/设备,scenario_kpi_template,仪表盘,运营统计/风险预警/应急联动/公众服务/空域管理,由官方平台监管方向、低空应用场景与安全感知需求归纳，不是官方观测值,按flight_id、grid_id、route_id、alert_type、timestamp等字段聚合计算,用于PPT指标体系、系统原型和数据看板设计。
水利巡检,KPI0210,传感器覆盖率,网格/街道,scenario_kpi_template,地图,运营统计/风险预警/应急联动/公众服务/空域管理,由官方平台监管方向、低空应用场景与安全感知需求归纳，不是官方观测值,按flight_id、grid_id、route_id、alert_type、timestamp等字段聚合计算,用于PPT指标体系、系统原型和数据看板设计。
水利巡检,KPI0211,重复告警率,日/事件类型,scenario_kpi_template,帕累托图,运营统计/风险预警/应急联动/公众服务/空域管理,由官方平台监管方向、低空应用场景与安全感知需求归纳，不是官方观测值,按flight_id、grid_id、route_id、alert_type、timestamp等字段聚合计算,用于PPT指标体系、系统原型和数据看板设计。
水利巡检,KPI0212,黑飞疑似识别数,小时/网格,scenario_kpi_template,热力图,运营统计/风险预警/应急联动/公众服务/空域管理,由官方平台监管方向、低空应用场景与安全感知需求归纳，不是官方观测值,按flight_id、grid_id、route_id、alert_type、timestamp等字段聚合计算,用于PPT指标体系、系统原型和数据看板设计。
水利巡检,KPI0213,低电量返航率,日/机型,scenario_kpi_template,柱状图,运营统计/风险预警/应急联动/公众服务/空域管理,由官方平台监管方向、低空应用场景与安全感知需求归纳，不是官方观测值,按flight_id、grid_id、route_id、alert_type、timestamp等字段聚合计算,用于PPT指标体系、系统原型和数据看板设计。
水利巡检,KPI0214,人群密集区飞越次数,小时/网格,scenario_kpi_template,热力图,运营统计/风险预警/应急联动/公众服务/空域管理,由官方平台监管方向、低空应用场景与安全感知需求归纳，不是官方观测值,按flight_id、grid_id、route_id、alert_type、timestamp等字段聚合计算,用于PPT指标体系、系统原型和数据看板设计。
水利巡检,KPI0215,禁飞区接近次数,小时/网格,scenario_kpi_template,热力图,运营统计/风险预警/应急联动/公众服务/空域管理,由官方平台监管方向、低空应用场景与安全感知需求归纳，不是官方观测值,按flight_id、grid_id、route_id、alert_type、timestamp等字段聚合计算,用于PPT指标体系、系统原型和数据看板设计。
水利巡检,KPI0216,飞行密度指数,小时/网格,scenario_kpi_template,热力图,运营统计/风险预警/应急联动/公众服务/空域管理,由官方平台监管方向、低空应用场景与安全感知需求归纳，不是官方观测值,按flight_id、grid_id、route_id、alert_type、timestamp等字段聚合计算,用于PPT指标体系、系统原型和数据看板设计。
警务安防,KPI0217,日均飞行架次,小时/日/航线/网格,scenario_kpi_template,折线图,运营统计/风险预警/应急联动/公众服务/空域管理,由官方平台监管方向、低空应用场景与安全感知需求归纳，不是官方观测值,按flight_id、grid_id、route_id、alert_type、timestamp等字段聚合计算,用于PPT指标体系、系统原型和数据看板设计。
警务安防,KPI0218,准点率,日/航线,scenario_kpi_template,柱状图,运营统计/风险预警/应急联动/公众服务/空域管理,由官方平台监管方向、低空应用场景与安全感知需求归纳，不是官方观测值,按flight_id、grid_id、route_id、alert_type、timestamp等字段聚合计算,用于PPT指标体系、系统原型和数据看板设计。
警务安防,KPI0219,飞行计划通过率,日/场景,scenario_kpi_template,漏斗图,运营统计/风险预警/应急联动/公众服务/空域管理,由官方平台监管方向、低空应用场景与安全感知需求归纳，不是官方观测值,按flight_id、grid_id、route_id、alert_type、timestamp等字段聚合计算,用于PPT指标体系、系统原型和数据看板设计。
警务安防,KPI0220,平均审批时长,日/场景,scenario_kpi_template,箱线图,运营统计/风险预警/应急联动/公众服务/空域管理,由官方平台监管方向、低空应用场景与安全感知需求归纳，不是官方观测值,按flight_id、grid_id、route_id、alert_type、timestamp等字段聚合计算,用于PPT指标体系、系统原型和数据看板设计。
警务安防,KPI0221,电子围栏越界率,日/网格,scenario_kpi_template,热力图,运营统计/风险预警/应急联动/公众服务/空域管理,由官方平台监管方向、低空应用场景与安全感知需求归纳，不是官方观测值,按flight_id、grid_id、route_id、alert_type、timestamp等字段聚合计算,用于PPT指标体系、系统原型和数据看板设计。
警务安防,KPI0222,远程识别在线率,小时/设备/航线,scenario_kpi_template,仪表盘,运营统计/风险预警/应急联动/公众服务/空域管理,由官方平台监管方向、低空应用场景与安全感知需求归纳，不是官方观测值,按flight_id、grid_id、route_id、alert_type、timestamp等字段聚合计算,用于PPT指标体系、系统原型和数据看板设计。
警务安防,KPI0223,通信链路可用率,分钟/网格,scenario_kpi_template,地图热力图,运营统计/风险预警/应急联动/公众服务/空域管理,由官方平台监管方向、低空应用场景与安全感知需求归纳，不是官方观测值,按flight_id、grid_id、route_id、alert_type、timestamp等字段聚合计算,用于PPT指标体系、系统原型和数据看板设计。
警务安防,KPI0224,告警闭环率,日/部门,scenario_kpi_template,堆叠柱状图,运营统计/风险预警/应急联动/公众服务/空域管理,由官方平台监管方向、低空应用场景与安全感知需求归纳，不是官方观测值,按flight_id、grid_id、route_id、alert_type、timestamp等字段聚合计算,用于PPT指标体系、系统原型和数据看板设计。
警务安防,KPI0225,平均处置时长,日/部门/事件类型,scenario_kpi_template,箱线图,运营统计/风险预警/应急联动/公众服务/空域管理,由官方平台监管方向、低空应用场景与安全感知需求归纳，不是官方观测值,按flight_id、grid_id、route_id、alert_type、timestamp等字段聚合计算,用于PPT指标体系、系统原型和数据看板设计。
警务安防,KPI0226,飞行高度合规率,日/航线,scenario_kpi_template,环形图,运营统计/风险预警/应急联动/公众服务/空域管理,由官方平台监管方向、低空应用场景与安全感知需求归纳，不是官方观测值,按flight_id、grid_id、route_id、alert_type、timestamp等字段聚合计算,用于PPT指标体系、系统原型和数据看板设计。
警务安防,KPI0227,飞行速度合规率,日/航线,scenario_kpi_template,环形图,运营统计/风险预警/应急联动/公众服务/空域管理,由官方平台监管方向、低空应用场景与安全感知需求归纳，不是官方观测值,按flight_id、grid_id、route_id、alert_type、timestamp等字段聚合计算,用于PPT指标体系、系统原型和数据看板设计。
警务安防,KPI0228,高风险网格占比,日/街道,scenario_kpi_template,地图热力图,运营统计/风险预警/应急联动/公众服务/空域管理,由官方平台监管方向、低空应用场景与安全感知需求归纳，不是官方观测值,按flight_id、grid_id、route_id、alert_type、timestamp等字段聚合计算,用于PPT指标体系、系统原型和数据看板设计。
警务安防,KPI0229,气象影响取消率,日/航线,scenario_kpi_template,折线图,运营统计/风险预警/应急联动/公众服务/空域管理,由官方平台监管方向、低空应用场景与安全感知需求归纳，不是官方观测值,按flight_id、grid_id、route_id、alert_type、timestamp等字段聚合计算,用于PPT指标体系、系统原型和数据看板设计。
警务安防,KPI0230,任务完成率,日/场景,scenario_kpi_template,柱状图,运营统计/风险预警/应急联动/公众服务/空域管理,由官方平台监管方向、低空应用场景与安全感知需求归纳，不是官方观测值,按flight_id、grid_id、route_id、alert_type、timestamp等字段聚合计算,用于PPT指标体系、系统原型和数据看板设计。
警务安防,KPI0231,单位里程成本,月/场景,scenario_kpi_template,折线图,运营统计/风险预警/应急联动/公众服务/空域管理,由官方平台监管方向、低空应用场景与安全感知需求归纳，不是官方观测值,按flight_id、grid_id、route_id、alert_type、timestamp等字段聚合计算,用于PPT指标体系、系统原型和数据看板设计。
警务安防,KPI0232,有效载荷利用率,日/任务,scenario_kpi_template,散点图,运营统计/风险预警/应急联动/公众服务/空域管理,由官方平台监管方向、低空应用场景与安全感知需求归纳，不是官方观测值,按flight_id、grid_id、route_id、alert_type、timestamp等字段聚合计算,用于PPT指标体系、系统原型和数据看板设计。
警务安防,KPI0233,设备在线率,小时/设备,scenario_kpi_template,仪表盘,运营统计/风险预警/应急联动/公众服务/空域管理,由官方平台监管方向、低空应用场景与安全感知需求归纳，不是官方观测值,按flight_id、grid_id、route_id、alert_type、timestamp等字段聚合计算,用于PPT指标体系、系统原型和数据看板设计。
警务安防,KPI0234,传感器覆盖率,网格/街道,scenario_kpi_template,地图,运营统计/风险预警/应急联动/公众服务/空域管理,由官方平台监管方向、低空应用场景与安全感知需求归纳，不是官方观测值,按flight_id、grid_id、route_id、alert_type、timestamp等字段聚合计算,用于PPT指标体系、系统原型和数据看板设计。
警务安防,KPI0235,重复告警率,日/事件类型,scenario_kpi_template,帕累托图,运营统计/风险预警/应急联动/公众服务/空域管理,由官方平台监管方向、低空应用场景与安全感知需求归纳，不是官方观测值,按flight_id、grid_id、route_id、alert_type、timestamp等字段聚合计算,用于PPT指标体系、系统原型和数据看板设计。
警务安防,KPI0236,黑飞疑似识别数,小时/网格,scenario_kpi_template,热力图,运营统计/风险预警/应急联动/公众服务/空域管理,由官方平台监管方向、低空应用场景与安全感知需求归纳，不是官方观测值,按flight_id、grid_id、route_id、alert_type、timestamp等字段聚合计算,用于PPT指标体系、系统原型和数据看板设计。
警务安防,KPI0237,低电量返航率,日/机型,scenario_kpi_template,柱状图,运营统计/风险预警/应急联动/公众服务/空域管理,由官方平台监管方向、低空应用场景与安全感知需求归纳，不是官方观测值,按flight_id、grid_id、route_id、alert_type、timestamp等字段聚合计算,用于PPT指标体系、系统原型和数据看板设计。
警务安防,KPI0238,人群密集区飞越次数,小时/网格,scenario_kpi_template,热力图,运营统计/风险预警/应急联动/公众服务/空域管理,由官方平台监管方向、低空应用场景与安全感知需求归纳，不是官方观测值,按flight_id、grid_id、route_id、alert_type、timestamp等字段聚合计算,用于PPT指标体系、系统原型和数据看板设计。
警务安防,KPI0239,禁飞区接近次数,小时/网格,scenario_kpi_template,热力图,运营统计/风险预警/应急联动/公众服务/空域管理,由官方平台监管方向、低空应用场景与安全感知需求归纳，不是官方观测值,按flight_id、grid_id、route_id、alert_type、timestamp等字段聚合计算,用于PPT指标体系、系统原型和数据看板设计。
警务安防,KPI0240,飞行密度指数,小时/网格,scenario_kpi_template,热力图,运营统计/风险预警/应急联动/公众服务/空域管理,由官方平台监管方向、低空应用场景与安全感知需求归纳，不是官方观测值,按flight_id、grid_id、route_id、alert_type、timestamp等字段聚合计算,用于PPT指标体系、系统原型和数据看板设计。
消防巡检,KPI0241,日均飞行架次,小时/日/航线/网格,scenario_kpi_template,折线图,运营统计/风险预警/应急联动/公众服务/空域管理,由官方平台监管方向、低空应用场景与安全感知需求归纳，不是官方观测值,按flight_id、grid_id、route_id、alert_type、timestamp等字段聚合计算,用于PPT指标体系、系统原型和数据看板设计。
消防巡检,KPI0242,准点率,日/航线,scenario_kpi_template,柱状图,运营统计/风险预警/应急联动/公众服务/空域管理,由官方平台监管方向、低空应用场景与安全感知需求归纳，不是官方观测值,按flight_id、grid_id、route_id、alert_type、timestamp等字段聚合计算,用于PPT指标体系、系统原型和数据看板设计。
消防巡检,KPI0243,飞行计划通过率,日/场景,scenario_kpi_template,漏斗图,运营统计/风险预警/应急联动/公众服务/空域管理,由官方平台监管方向、低空应用场景与安全感知需求归纳，不是官方观测值,按flight_id、grid_id、route_id、alert_type、timestamp等字段聚合计算,用于PPT指标体系、系统原型和数据看板设计。
消防巡检,KPI0244,平均审批时长,日/场景,scenario_kpi_template,箱线图,运营统计/风险预警/应急联动/公众服务/空域管理,由官方平台监管方向、低空应用场景与安全感知需求归纳，不是官方观测值,按flight_id、grid_id、route_id、alert_type、timestamp等字段聚合计算,用于PPT指标体系、系统原型和数据看板设计。
消防巡检,KPI0245,电子围栏越界率,日/网格,scenario_kpi_template,热力图,运营统计/风险预警/应急联动/公众服务/空域管理,由官方平台监管方向、低空应用场景与安全感知需求归纳，不是官方观测值,按flight_id、grid_id、route_id、alert_type、timestamp等字段聚合计算,用于PPT指标体系、系统原型和数据看板设计。
消防巡检,KPI0246,远程识别在线率,小时/设备/航线,scenario_kpi_template,仪表盘,运营统计/风险预警/应急联动/公众服务/空域管理,由官方平台监管方向、低空应用场景与安全感知需求归纳，不是官方观测值,按flight_id、grid_id、route_id、alert_type、timestamp等字段聚合计算,用于PPT指标体系、系统原型和数据看板设计。
消防巡检,KPI0247,通信链路可用率,分钟/网格,scenario_kpi_template,地图热力图,运营统计/风险预警/应急联动/公众服务/空域管理,由官方平台监管方向、低空应用场景与安全感知需求归纳，不是官方观测值,按flight_id、grid_id、route_id、alert_type、timestamp等字段聚合计算,用于PPT指标体系、系统原型和数据看板设计。
消防巡检,KPI0248,告警闭环率,日/部门,scenario_kpi_template,堆叠柱状图,运营统计/风险预警/应急联动/公众服务/空域管理,由官方平台监管方向、低空应用场景与安全感知需求归纳，不是官方观测值,按flight_id、grid_id、route_id、alert_type、timestamp等字段聚合计算,用于PPT指标体系、系统原型和数据看板设计。
消防巡检,KPI0249,平均处置时长,日/部门/事件类型,scenario_kpi_template,箱线图,运营统计/风险预警/应急联动/公众服务/空域管理,由官方平台监管方向、低空应用场景与安全感知需求归纳，不是官方观测值,按flight_id、grid_id、route_id、alert_type、timestamp等字段聚合计算,用于PPT指标体系、系统原型和数据看板设计。
消防巡检,KPI0250,飞行高度合规率,日/航线,scenario_kpi_template,环形图,运营统计/风险预警/应急联动/公众服务/空域管理,由官方平台监管方向、低空应用场景与安全感知需求归纳，不是官方观测值,按flight_id、grid_id、route_id、alert_type、timestamp等字段聚合计算,用于PPT指标体系、系统原型和数据看板设计。
消防巡检,KPI0251,飞行速度合规率,日/航线,scenario_kpi_template,环形图,运营统计/风险预警/应急联动/公众服务/空域管理,由官方平台监管方向、低空应用场景与安全感知需求归纳，不是官方观测值,按flight_id、grid_id、route_id、alert_type、timestamp等字段聚合计算,用于PPT指标体系、系统原型和数据看板设计。
消防巡检,KPI0252,高风险网格占比,日/街道,scenario_kpi_template,地图热力图,运营统计/风险预警/应急联动/公众服务/空域管理,由官方平台监管方向、低空应用场景与安全感知需求归纳，不是官方观测值,按flight_id、grid_id、route_id、alert_type、timestamp等字段聚合计算,用于PPT指标体系、系统原型和数据看板设计。
消防巡检,KPI0253,气象影响取消率,日/航线,scenario_kpi_template,折线图,运营统计/风险预警/应急联动/公众服务/空域管理,由官方平台监管方向、低空应用场景与安全感知需求归纳，不是官方观测值,按flight_id、grid_id、route_id、alert_type、timestamp等字段聚合计算,用于PPT指标体系、系统原型和数据看板设计。
消防巡检,KPI0254,任务完成率,日/场景,scenario_kpi_template,柱状图,运营统计/风险预警/应急联动/公众服务/空域管理,由官方平台监管方向、低空应用场景与安全感知需求归纳，不是官方观测值,按flight_id、grid_id、route_id、alert_type、timestamp等字段聚合计算,用于PPT指标体系、系统原型和数据看板设计。
消防巡检,KPI0255,单位里程成本,月/场景,scenario_kpi_template,折线图,运营统计/风险预警/应急联动/公众服务/空域管理,由官方平台监管方向、低空应用场景与安全感知需求归纳，不是官方观测值,按flight_id、grid_id、route_id、alert_type、timestamp等字段聚合计算,用于PPT指标体系、系统原型和数据看板设计。
消防巡检,KPI0256,有效载荷利用率,日/任务,scenario_kpi_template,散点图,运营统计/风险预警/应急联动/公众服务/空域管理,由官方平台监管方向、低空应用场景与安全感知需求归纳，不是官方观测值,按flight_id、grid_id、route_id、alert_type、timestamp等字段聚合计算,用于PPT指标体系、系统原型和数据看板设计。
消防巡检,KPI0257,设备在线率,小时/设备,scenario_kpi_template,仪表盘,运营统计/风险预警/应急联动/公众服务/空域管理,由官方平台监管方向、低空应用场景与安全感知需求归纳，不是官方观测值,按flight_id、grid_id、route_id、alert_type、timestamp等字段聚合计算,用于PPT指标体系、系统原型和数据看板设计。
消防巡检,KPI0258,传感器覆盖率,网格/街道,scenario_kpi_template,地图,运营统计/风险预警/应急联动/公众服务/空域管理,由官方平台监管方向、低空应用场景与安全感知需求归纳，不是官方观测值,按flight_id、grid_id、route_id、alert_type、timestamp等字段聚合计算,用于PPT指标体系、系统原型和数据看板设计。
消防巡检,KPI0259,重复告警率,日/事件类型,scenario_kpi_template,帕累托图,运营统计/风险预警/应急联动/公众服务/空域管理,由官方平台监管方向、低空应用场景与安全感知需求归纳，不是官方观测值,按flight_id、grid_id、route_id、alert_type、timestamp等字段聚合计算,用于PPT指标体系、系统原型和数据看板设计。
消防巡检,KPI0260,黑飞疑似识别数,小时/网格,scenario_kpi_template,热力图,运营统计/风险预警/应急联动/公众服务/空域管理,由官方平台监管方向、低空应用场景与安全感知需求归纳，不是官方观测值,按flight_id、grid_id、route_id、alert_type、timestamp等字段聚合计算,用于PPT指标体系、系统原型和数据看板设计。
消防巡检,KPI0261,低电量返航率,日/机型,scenario_kpi_template,柱状图,运营统计/风险预警/应急联动/公众服务/空域管理,由官方平台监管方向、低空应用场景与安全感知需求归纳，不是官方观测值,按flight_id、grid_id、route_id、alert_type、timestamp等字段聚合计算,用于PPT指标体系、系统原型和数据看板设计。
消防巡检,KPI0262,人群密集区飞越次数,小时/网格,scenario_kpi_template,热力图,运营统计/风险预警/应急联动/公众服务/空域管理,由官方平台监管方向、低空应用场景与安全感知需求归纳，不是官方观测值,按flight_id、grid_id、route_id、alert_type、timestamp等字段聚合计算,用于PPT指标体系、系统原型和数据看板设计。
消防巡检,KPI0263,禁飞区接近次数,小时/网格,scenario_kpi_template,热力图,运营统计/风险预警/应急联动/公众服务/空域管理,由官方平台监管方向、低空应用场景与安全感知需求归纳，不是官方观测值,按flight_id、grid_id、route_id、alert_type、timestamp等字段聚合计算,用于PPT指标体系、系统原型和数据看板设计。
消防巡检,KPI0264,飞行密度指数,小时/网格,scenario_kpi_template,热力图,运营统计/风险预警/应急联动/公众服务/空域管理,由官方平台监管方向、低空应用场景与安全感知需求归纳，不是官方观测值,按flight_id、grid_id、route_id、alert_type、timestamp等字段聚合计算,用于PPT指标体系、系统原型和数据看板设计。
交通巡查,KPI0265,日均飞行架次,小时/日/航线/网格,scenario_kpi_template,折线图,运营统计/风险预警/应急联动/公众服务/空域管理,由官方平台监管方向、低空应用场景与安全感知需求归纳，不是官方观测值,按flight_id、grid_id、route_id、alert_type、timestamp等字段聚合计算,用于PPT指标体系、系统原型和数据看板设计。
交通巡查,KPI0266,准点率,日/航线,scenario_kpi_template,柱状图,运营统计/风险预警/应急联动/公众服务/空域管理,由官方平台监管方向、低空应用场景与安全感知需求归纳，不是官方观测值,按flight_id、grid_id、route_id、alert_type、timestamp等字段聚合计算,用于PPT指标体系、系统原型和数据看板设计。
交通巡查,KPI0267,飞行计划通过率,日/场景,scenario_kpi_template,漏斗图,运营统计/风险预警/应急联动/公众服务/空域管理,由官方平台监管方向、低空应用场景与安全感知需求归纳，不是官方观测值,按flight_id、grid_id、route_id、alert_type、timestamp等字段聚合计算,用于PPT指标体系、系统原型和数据看板设计。
交通巡查,KPI0268,平均审批时长,日/场景,scenario_kpi_template,箱线图,运营统计/风险预警/应急联动/公众服务/空域管理,由官方平台监管方向、低空应用场景与安全感知需求归纳，不是官方观测值,按flight_id、grid_id、route_id、alert_type、timestamp等字段聚合计算,用于PPT指标体系、系统原型和数据看板设计。
交通巡查,KPI0269,电子围栏越界率,日/网格,scenario_kpi_template,热力图,运营统计/风险预警/应急联动/公众服务/空域管理,由官方平台监管方向、低空应用场景与安全感知需求归纳，不是官方观测值,按flight_id、grid_id、route_id、alert_type、timestamp等字段聚合计算,用于PPT指标体系、系统原型和数据看板设计。
交通巡查,KPI0270,远程识别在线率,小时/设备/航线,scenario_kpi_template,仪表盘,运营统计/风险预警/应急联动/公众服务/空域管理,由官方平台监管方向、低空应用场景与安全感知需求归纳，不是官方观测值,按flight_id、grid_id、route_id、alert_type、timestamp等字段聚合计算,用于PPT指标体系、系统原型和数据看板设计。
交通巡查,KPI0271,通信链路可用率,分钟/网格,scenario_kpi_template,地图热力图,运营统计/风险预警/应急联动/公众服务/空域管理,由官方平台监管方向、低空应用场景与安全感知需求归纳，不是官方观测值,按flight_id、grid_id、route_id、alert_type、timestamp等字段聚合计算,用于PPT指标体系、系统原型和数据看板设计。
交通巡查,KPI0272,告警闭环率,日/部门,scenario_kpi_template,堆叠柱状图,运营统计/风险预警/应急联动/公众服务/空域管理,由官方平台监管方向、低空应用场景与安全感知需求归纳，不是官方观测值,按flight_id、grid_id、route_id、alert_type、timestamp等字段聚合计算,用于PPT指标体系、系统原型和数据看板设计。
交通巡查,KPI0273,平均处置时长,日/部门/事件类型,scenario_kpi_template,箱线图,运营统计/风险预警/应急联动/公众服务/空域管理,由官方平台监管方向、低空应用场景与安全感知需求归纳，不是官方观测值,按flight_id、grid_id、route_id、alert_type、timestamp等字段聚合计算,用于PPT指标体系、系统原型和数据看板设计。
交通巡查,KPI0274,飞行高度合规率,日/航线,scenario_kpi_template,环形图,运营统计/风险预警/应急联动/公众服务/空域管理,由官方平台监管方向、低空应用场景与安全感知需求归纳，不是官方观测值,按flight_id、grid_id、route_id、alert_type、timestamp等字段聚合计算,用于PPT指标体系、系统原型和数据看板设计。
交通巡查,KPI0275,飞行速度合规率,日/航线,scenario_kpi_template,环形图,运营统计/风险预警/应急联动/公众服务/空域管理,由官方平台监管方向、低空应用场景与安全感知需求归纳，不是官方观测值,按flight_id、grid_id、route_id、alert_type、timestamp等字段聚合计算,用于PPT指标体系、系统原型和数据看板设计。
交通巡查,KPI0276,高风险网格占比,日/街道,scenario_kpi_template,地图热力图,运营统计/风险预警/应急联动/公众服务/空域管理,由官方平台监管方向、低空应用场景与安全感知需求归纳，不是官方观测值,按flight_id、grid_id、route_id、alert_type、timestamp等字段聚合计算,用于PPT指标体系、系统原型和数据看板设计。
交通巡查,KPI0277,气象影响取消率,日/航线,scenario_kpi_template,折线图,运营统计/风险预警/应急联动/公众服务/空域管理,由官方平台监管方向、低空应用场景与安全感知需求归纳，不是官方观测值,按flight_id、grid_id、route_id、alert_type、timestamp等字段聚合计算,用于PPT指标体系、系统原型和数据看板设计。
交通巡查,KPI0278,任务完成率,日/场景,scenario_kpi_template,柱状图,运营统计/风险预警/应急联动/公众服务/空域管理,由官方平台监管方向、低空应用场景与安全感知需求归纳，不是官方观测值,按flight_id、grid_id、route_id、alert_type、timestamp等字段聚合计算,用于PPT指标体系、系统原型和数据看板设计。
交通巡查,KPI0279,单位里程成本,月/场景,scenario_kpi_template,折线图,运营统计/风险预警/应急联动/公众服务/空域管理,由官方平台监管方向、低空应用场景与安全感知需求归纳，不是官方观测值,按flight_id、grid_id、route_id、alert_type、timestamp等字段聚合计算,用于PPT指标体系、系统原型和数据看板设计。
交通巡查,KPI0280,有效载荷利用率,日/任务,scenario_kpi_template,散点图,运营统计/风险预警/应急联动/公众服务/空域管理,由官方平台监管方向、低空应用场景与安全感知需求归纳，不是官方观测值,按flight_id、grid_id、route_id、alert_type、timestamp等字段聚合计算,用于PPT指标体系、系统原型和数据看板设计。
交通巡查,KPI0281,设备在线率,小时/设备,scenario_kpi_template,仪表盘,运营统计/风险预警/应急联动/公众服务/空域管理,由官方平台监管方向、低空应用场景与安全感知需求归纳，不是官方观测值,按flight_id、grid_id、route_id、alert_type、timestamp等字段聚合计算,用于PPT指标体系、系统原型和数据看板设计。
交通巡查,KPI0282,传感器覆盖率,网格/街道,scenario_kpi_template,地图,运营统计/风险预警/应急联动/公众服务/空域管理,由官方平台监管方向、低空应用场景与安全感知需求归纳，不是官方观测值,按flight_id、grid_id、route_id、alert_type、timestamp等字段聚合计算,用于PPT指标体系、系统原型和数据看板设计。
交通巡查,KPI0283,重复告警率,日/事件类型,scenario_kpi_template,帕累托图,运营统计/风险预警/应急联动/公众服务/空域管理,由官方平台监管方向、低空应用场景与安全感知需求归纳，不是官方观测值,按flight_id、grid_id、route_id、alert_type、timestamp等字段聚合计算,用于PPT指标体系、系统原型和数据看板设计。
交通巡查,KPI0284,黑飞疑似识别数,小时/网格,scenario_kpi_template,热力图,运营统计/风险预警/应急联动/公众服务/空域管理,由官方平台监管方向、低空应用场景与安全感知需求归纳，不是官方观测值,按flight_id、grid_id、route_id、alert_type、timestamp等字段聚合计算,用于PPT指标体系、系统原型和数据看板设计。
交通巡查,KPI0285,低电量返航率,日/机型,scenario_kpi_template,柱状图,运营统计/风险预警/应急联动/公众服务/空域管理,由官方平台监管方向、低空应用场景与安全感知需求归纳，不是官方观测值,按flight_id、grid_id、route_id、alert_type、timestamp等字段聚合计算,用于PPT指标体系、系统原型和数据看板设计。
交通巡查,KPI0286,人群密集区飞越次数,小时/网格,scenario_kpi_template,热力图,运营统计/风险预警/应急联动/公众服务/空域管理,由官方平台监管方向、低空应用场景与安全感知需求归纳，不是官方观测值,按flight_id、grid_id、route_id、alert_type、timestamp等字段聚合计算,用于PPT指标体系、系统原型和数据看板设计。
交通巡查,KPI0287,禁飞区接近次数,小时/网格,scenario_kpi_template,热力图,运营统计/风险预警/应急联动/公众服务/空域管理,由官方平台监管方向、低空应用场景与安全感知需求归纳，不是官方观测值,按flight_id、grid_id、route_id、alert_type、timestamp等字段聚合计算,用于PPT指标体系、系统原型和数据看板设计。
交通巡查,KPI0288,飞行密度指数,小时/网格,scenario_kpi_template,热力图,运营统计/风险预警/应急联动/公众服务/空域管理,由官方平台监管方向、低空应用场景与安全感知需求归纳，不是官方观测值,按flight_id、grid_id、route_id、alert_type、timestamp等字段聚合计算,用于PPT指标体系、系统原型和数据看板设计。
海事巡航,KPI0289,日均飞行架次,小时/日/航线/网格,scenario_kpi_template,折线图,运营统计/风险预警/应急联动/公众服务/空域管理,由官方平台监管方向、低空应用场景与安全感知需求归纳，不是官方观测值,按flight_id、grid_id、route_id、alert_type、timestamp等字段聚合计算,用于PPT指标体系、系统原型和数据看板设计。
海事巡航,KPI0290,准点率,日/航线,scenario_kpi_template,柱状图,运营统计/风险预警/应急联动/公众服务/空域管理,由官方平台监管方向、低空应用场景与安全感知需求归纳，不是官方观测值,按flight_id、grid_id、route_id、alert_type、timestamp等字段聚合计算,用于PPT指标体系、系统原型和数据看板设计。
海事巡航,KPI0291,飞行计划通过率,日/场景,scenario_kpi_template,漏斗图,运营统计/风险预警/应急联动/公众服务/空域管理,由官方平台监管方向、低空应用场景与安全感知需求归纳，不是官方观测值,按flight_id、grid_id、route_id、alert_type、timestamp等字段聚合计算,用于PPT指标体系、系统原型和数据看板设计。
海事巡航,KPI0292,平均审批时长,日/场景,scenario_kpi_template,箱线图,运营统计/风险预警/应急联动/公众服务/空域管理,由官方平台监管方向、低空应用场景与安全感知需求归纳，不是官方观测值,按flight_id、grid_id、route_id、alert_type、timestamp等字段聚合计算,用于PPT指标体系、系统原型和数据看板设计。
海事巡航,KPI0293,电子围栏越界率,日/网格,scenario_kpi_template,热力图,运营统计/风险预警/应急联动/公众服务/空域管理,由官方平台监管方向、低空应用场景与安全感知需求归纳，不是官方观测值,按flight_id、grid_id、route_id、alert_type、timestamp等字段聚合计算,用于PPT指标体系、系统原型和数据看板设计。
海事巡航,KPI0294,远程识别在线率,小时/设备/航线,scenario_kpi_template,仪表盘,运营统计/风险预警/应急联动/公众服务/空域管理,由官方平台监管方向、低空应用场景与安全感知需求归纳，不是官方观测值,按flight_id、grid_id、route_id、alert_type、timestamp等字段聚合计算,用于PPT指标体系、系统原型和数据看板设计。
海事巡航,KPI0295,通信链路可用率,分钟/网格,scenario_kpi_template,地图热力图,运营统计/风险预警/应急联动/公众服务/空域管理,由官方平台监管方向、低空应用场景与安全感知需求归纳，不是官方观测值,按flight_id、grid_id、route_id、alert_type、timestamp等字段聚合计算,用于PPT指标体系、系统原型和数据看板设计。
海事巡航,KPI0296,告警闭环率,日/部门,scenario_kpi_template,堆叠柱状图,运营统计/风险预警/应急联动/公众服务/空域管理,由官方平台监管方向、低空应用场景与安全感知需求归纳，不是官方观测值,按flight_id、grid_id、route_id、alert_type、timestamp等字段聚合计算,用于PPT指标体系、系统原型和数据看板设计。
海事巡航,KPI0297,平均处置时长,日/部门/事件类型,scenario_kpi_template,箱线图,运营统计/风险预警/应急联动/公众服务/空域管理,由官方平台监管方向、低空应用场景与安全感知需求归纳，不是官方观测值,按flight_id、grid_id、route_id、alert_type、timestamp等字段聚合计算,用于PPT指标体系、系统原型和数据看板设计。
海事巡航,KPI0298,飞行高度合规率,日/航线,scenario_kpi_template,环形图,运营统计/风险预警/应急联动/公众服务/空域管理,由官方平台监管方向、低空应用场景与安全感知需求归纳，不是官方观测值,按flight_id、grid_id、route_id、alert_type、timestamp等字段聚合计算,用于PPT指标体系、系统原型和数据看板设计。
海事巡航,KPI0299,飞行速度合规率,日/航线,scenario_kpi_template,环形图,运营统计/风险预警/应急联动/公众服务/空域管理,由官方平台监管方向、低空应用场景与安全感知需求归纳，不是官方观测值,按flight_id、grid_id、route_id、alert_type、timestamp等字段聚合计算,用于PPT指标体系、系统原型和数据看板设计。
海事巡航,KPI0300,高风险网格占比,日/街道,scenario_kpi_template,地图热力图,运营统计/风险预警/应急联动/公众服务/空域管理,由官方平台监管方向、低空应用场景与安全感知需求归纳，不是官方观测值,按flight_id、grid_id、route_id、alert_type、timestamp等字段聚合计算,用于PPT指标体系、系统原型和数据看板设计。
海事巡航,KPI0301,气象影响取消率,日/航线,scenario_kpi_template,折线图,运营统计/风险预警/应急联动/公众服务/空域管理,由官方平台监管方向、低空应用场景与安全感知需求归纳，不是官方观测值,按flight_id、grid_id、route_id、alert_type、timestamp等字段聚合计算,用于PPT指标体系、系统原型和数据看板设计。
海事巡航,KPI0302,任务完成率,日/场景,scenario_kpi_template,柱状图,运营统计/风险预警/应急联动/公众服务/空域管理,由官方平台监管方向、低空应用场景与安全感知需求归纳，不是官方观测值,按flight_id、grid_id、route_id、alert_type、timestamp等字段聚合计算,用于PPT指标体系、系统原型和数据看板设计。
海事巡航,KPI0303,单位里程成本,月/场景,scenario_kpi_template,折线图,运营统计/风险预警/应急联动/公众服务/空域管理,由官方平台监管方向、低空应用场景与安全感知需求归纳，不是官方观测值,按flight_id、grid_id、route_id、alert_type、timestamp等字段聚合计算,用于PPT指标体系、系统原型和数据看板设计。
海事巡航,KPI0304,有效载荷利用率,日/任务,scenario_kpi_template,散点图,运营统计/风险预警/应急联动/公众服务/空域管理,由官方平台监管方向、低空应用场景与安全感知需求归纳，不是官方观测值,按flight_id、grid_id、route_id、alert_type、timestamp等字段聚合计算,用于PPT指标体系、系统原型和数据看板设计。
海事巡航,KPI0305,设备在线率,小时/设备,scenario_kpi_template,仪表盘,运营统计/风险预警/应急联动/公众服务/空域管理,由官方平台监管方向、低空应用场景与安全感知需求归纳，不是官方观测值,按flight_id、grid_id、route_id、alert_type、timestamp等字段聚合计算,用于PPT指标体系、系统原型和数据看板设计。
海事巡航,KPI0306,传感器覆盖率,网格/街道,scenario_kpi_template,地图,运营统计/风险预警/应急联动/公众服务/空域管理,由官方平台监管方向、低空应用场景与安全感知需求归纳，不是官方观测值,按flight_id、grid_id、route_id、alert_type、timestamp等字段聚合计算,用于PPT指标体系、系统原型和数据看板设计。
海事巡航,KPI0307,重复告警率,日/事件类型,scenario_kpi_template,帕累托图,运营统计/风险预警/应急联动/公众服务/空域管理,由官方平台监管方向、低空应用场景与安全感知需求归纳，不是官方观测值,按flight_id、grid_id、route_id、alert_type、timestamp等字段聚合计算,用于PPT指标体系、系统原型和数据看板设计。
海事巡航,KPI0308,黑飞疑似识别数,小时/网格,scenario_kpi_template,热力图,运营统计/风险预警/应急联动/公众服务/空域管理,由官方平台监管方向、低空应用场景与安全感知需求归纳，不是官方观测值,按flight_id、grid_id、route_id、alert_type、timestamp等字段聚合计算,用于PPT指标体系、系统原型和数据看板设计。
海事巡航,KPI0309,低电量返航率,日/机型,scenario_kpi_template,柱状图,运营统计/风险预警/应急联动/公众服务/空域管理,由官方平台监管方向、低空应用场景与安全感知需求归纳，不是官方观测值,按flight_id、grid_id、route_id、alert_type、timestamp等字段聚合计算,用于PPT指标体系、系统原型和数据看板设计。
海事巡航,KPI0310,人群密集区飞越次数,小时/网格,scenario_kpi_template,热力图,运营统计/风险预警/应急联动/公众服务/空域管理,由官方平台监管方向、低空应用场景与安全感知需求归纳，不是官方观测值,按flight_id、grid_id、route_id、alert_type、timestamp等字段聚合计算,用于PPT指标体系、系统原型和数据看板设计。
海事巡航,KPI0311,禁飞区接近次数,小时/网格,scenario_kpi_template,热力图,运营统计/风险预警/应急联动/公众服务/空域管理,由官方平台监管方向、低空应用场景与安全感知需求归纳，不是官方观测值,按flight_id、grid_id、route_id、alert_type、timestamp等字段聚合计算,用于PPT指标体系、系统原型和数据看板设计。
海事巡航,KPI0312,飞行密度指数,小时/网格,scenario_kpi_template,热力图,运营统计/风险预警/应急联动/公众服务/空域管理,由官方平台监管方向、低空应用场景与安全感知需求归纳，不是官方观测值,按flight_id、grid_id、route_id、alert_type、timestamp等字段聚合计算,用于PPT指标体系、系统原型和数据看板设计。
园区低空运营,KPI0313,日均飞行架次,小时/日/航线/网格,scenario_kpi_template,折线图,运营统计/风险预警/应急联动/公众服务/空域管理,由官方平台监管方向、低空应用场景与安全感知需求归纳，不是官方观测值,按flight_id、grid_id、route_id、alert_type、timestamp等字段聚合计算,用于PPT指标体系、系统原型和数据看板设计。
园区低空运营,KPI0314,准点率,日/航线,scenario_kpi_template,柱状图,运营统计/风险预警/应急联动/公众服务/空域管理,由官方平台监管方向、低空应用场景与安全感知需求归纳，不是官方观测值,按flight_id、grid_id、route_id、alert_type、timestamp等字段聚合计算,用于PPT指标体系、系统原型和数据看板设计。
园区低空运营,KPI0315,飞行计划通过率,日/场景,scenario_kpi_template,漏斗图,运营统计/风险预警/应急联动/公众服务/空域管理,由官方平台监管方向、低空应用场景与安全感知需求归纳，不是官方观测值,按flight_id、grid_id、route_id、alert_type、timestamp等字段聚合计算,用于PPT指标体系、系统原型和数据看板设计。
园区低空运营,KPI0316,平均审批时长,日/场景,scenario_kpi_template,箱线图,运营统计/风险预警/应急联动/公众服务/空域管理,由官方平台监管方向、低空应用场景与安全感知需求归纳，不是官方观测值,按flight_id、grid_id、route_id、alert_type、timestamp等字段聚合计算,用于PPT指标体系、系统原型和数据看板设计。
园区低空运营,KPI0317,电子围栏越界率,日/网格,scenario_kpi_template,热力图,运营统计/风险预警/应急联动/公众服务/空域管理,由官方平台监管方向、低空应用场景与安全感知需求归纳，不是官方观测值,按flight_id、grid_id、route_id、alert_type、timestamp等字段聚合计算,用于PPT指标体系、系统原型和数据看板设计。
园区低空运营,KPI0318,远程识别在线率,小时/设备/航线,scenario_kpi_template,仪表盘,运营统计/风险预警/应急联动/公众服务/空域管理,由官方平台监管方向、低空应用场景与安全感知需求归纳，不是官方观测值,按flight_id、grid_id、route_id、alert_type、timestamp等字段聚合计算,用于PPT指标体系、系统原型和数据看板设计。
园区低空运营,KPI0319,通信链路可用率,分钟/网格,scenario_kpi_template,地图热力图,运营统计/风险预警/应急联动/公众服务/空域管理,由官方平台监管方向、低空应用场景与安全感知需求归纳，不是官方观测值,按flight_id、grid_id、route_id、alert_type、timestamp等字段聚合计算,用于PPT指标体系、系统原型和数据看板设计。
园区低空运营,KPI0320,告警闭环率,日/部门,scenario_kpi_template,堆叠柱状图,运营统计/风险预警/应急联动/公众服务/空域管理,由官方平台监管方向、低空应用场景与安全感知需求归纳，不是官方观测值,按flight_id、grid_id、route_id、alert_type、timestamp等字段聚合计算,用于PPT指标体系、系统原型和数据看板设计。
园区低空运营,KPI0321,平均处置时长,日/部门/事件类型,scenario_kpi_template,箱线图,运营统计/风险预警/应急联动/公众服务/空域管理,由官方平台监管方向、低空应用场景与安全感知需求归纳，不是官方观测值,按flight_id、grid_id、route_id、alert_type、timestamp等字段聚合计算,用于PPT指标体系、系统原型和数据看板设计。
园区低空运营,KPI0322,飞行高度合规率,日/航线,scenario_kpi_template,环形图,运营统计/风险预警/应急联动/公众服务/空域管理,由官方平台监管方向、低空应用场景与安全感知需求归纳，不是官方观测值,按flight_id、grid_id、route_id、alert_type、timestamp等字段聚合计算,用于PPT指标体系、系统原型和数据看板设计。
园区低空运营,KPI0323,飞行速度合规率,日/航线,scenario_kpi_template,环形图,运营统计/风险预警/应急联动/公众服务/空域管理,由官方平台监管方向、低空应用场景与安全感知需求归纳，不是官方观测值,按flight_id、grid_id、route_id、alert_type、timestamp等字段聚合计算,用于PPT指标体系、系统原型和数据看板设计。
园区低空运营,KPI0324,高风险网格占比,日/街道,scenario_kpi_template,地图热力图,运营统计/风险预警/应急联动/公众服务/空域管理,由官方平台监管方向、低空应用场景与安全感知需求归纳，不是官方观测值,按flight_id、grid_id、route_id、alert_type、timestamp等字段聚合计算,用于PPT指标体系、系统原型和数据看板设计。
园区低空运营,KPI0325,气象影响取消率,日/航线,scenario_kpi_template,折线图,运营统计/风险预警/应急联动/公众服务/空域管理,由官方平台监管方向、低空应用场景与安全感知需求归纳，不是官方观测值,按flight_id、grid_id、route_id、alert_type、timestamp等字段聚合计算,用于PPT指标体系、系统原型和数据看板设计。
园区低空运营,KPI0326,任务完成率,日/场景,scenario_kpi_template,柱状图,运营统计/风险预警/应急联动/公众服务/空域管理,由官方平台监管方向、低空应用场景与安全感知需求归纳，不是官方观测值,按flight_id、grid_id、route_id、alert_type、timestamp等字段聚合计算,用于PPT指标体系、系统原型和数据看板设计。
园区低空运营,KPI0327,单位里程成本,月/场景,scenario_kpi_template,折线图,运营统计/风险预警/应急联动/公众服务/空域管理,由官方平台监管方向、低空应用场景与安全感知需求归纳，不是官方观测值,按flight_id、grid_id、route_id、alert_type、timestamp等字段聚合计算,用于PPT指标体系、系统原型和数据看板设计。
园区低空运营,KPI0328,有效载荷利用率,日/任务,scenario_kpi_template,散点图,运营统计/风险预警/应急联动/公众服务/空域管理,由官方平台监管方向、低空应用场景与安全感知需求归纳，不是官方观测值,按flight_id、grid_id、route_id、alert_type、timestamp等字段聚合计算,用于PPT指标体系、系统原型和数据看板设计。
园区低空运营,KPI0329,设备在线率,小时/设备,scenario_kpi_template,仪表盘,运营统计/风险预警/应急联动/公众服务/空域管理,由官方平台监管方向、低空应用场景与安全感知需求归纳，不是官方观测值,按flight_id、grid_id、route_id、alert_type、timestamp等字段聚合计算,用于PPT指标体系、系统原型和数据看板设计。
园区低空运营,KPI0330,传感器覆盖率,网格/街道,scenario_kpi_template,地图,运营统计/风险预警/应急联动/公众服务/空域管理,由官方平台监管方向、低空应用场景与安全感知需求归纳，不是官方观测值,按flight_id、grid_id、route_id、alert_type、timestamp等字段聚合计算,用于PPT指标体系、系统原型和数据看板设计。
园区低空运营,KPI0331,重复告警率,日/事件类型,scenario_kpi_template,帕累托图,运营统计/风险预警/应急联动/公众服务/空域管理,由官方平台监管方向、低空应用场景与安全感知需求归纳，不是官方观测值,按flight_id、grid_id、route_id、alert_type、timestamp等字段聚合计算,用于PPT指标体系、系统原型和数据看板设计。
园区低空运营,KPI0332,黑飞疑似识别数,小时/网格,scenario_kpi_template,热力图,运营统计/风险预警/应急联动/公众服务/空域管理,由官方平台监管方向、低空应用场景与安全感知需求归纳，不是官方观测值,按flight_id、grid_id、route_id、alert_type、timestamp等字段聚合计算,用于PPT指标体系、系统原型和数据看板设计。
园区低空运营,KPI0333,低电量返航率,日/机型,scenario_kpi_template,柱状图,运营统计/风险预警/应急联动/公众服务/空域管理,由官方平台监管方向、低空应用场景与安全感知需求归纳，不是官方观测值,按flight_id、grid_id、route_id、alert_type、timestamp等字段聚合计算,用于PPT指标体系、系统原型和数据看板设计。
园区低空运营,KPI0334,人群密集区飞越次数,小时/网格,scenario_kpi_template,热力图,运营统计/风险预警/应急联动/公众服务/空域管理,由官方平台监管方向、低空应用场景与安全感知需求归纳，不是官方观测值,按flight_id、grid_id、route_id、alert_type、timestamp等字段聚合计算,用于PPT指标体系、系统原型和数据看板设计。
园区低空运营,KPI0335,禁飞区接近次数,小时/网格,scenario_kpi_template,热力图,运营统计/风险预警/应急联动/公众服务/空域管理,由官方平台监管方向、低空应用场景与安全感知需求归纳，不是官方观测值,按flight_id、grid_id、route_id、alert_type、timestamp等字段聚合计算,用于PPT指标体系、系统原型和数据看板设计。
园区低空运营,KPI0336,飞行密度指数,小时/网格,scenario_kpi_template,热力图,运营统计/风险预警/应急联动/公众服务/空域管理,由官方平台监管方向、低空应用场景与安全感知需求归纳，不是官方观测值,按flight_id、grid_id、route_id、alert_type、timestamp等字段聚合计算,用于PPT指标体系、系统原型和数据看板设计。
机场净空保护,KPI0337,日均飞行架次,小时/日/航线/网格,scenario_kpi_template,折线图,运营统计/风险预警/应急联动/公众服务/空域管理,由官方平台监管方向、低空应用场景与安全感知需求归纳，不是官方观测值,按flight_id、grid_id、route_id、alert_type、timestamp等字段聚合计算,用于PPT指标体系、系统原型和数据看板设计。
机场净空保护,KPI0338,准点率,日/航线,scenario_kpi_template,柱状图,运营统计/风险预警/应急联动/公众服务/空域管理,由官方平台监管方向、低空应用场景与安全感知需求归纳，不是官方观测值,按flight_id、grid_id、route_id、alert_type、timestamp等字段聚合计算,用于PPT指标体系、系统原型和数据看板设计。
机场净空保护,KPI0339,飞行计划通过率,日/场景,scenario_kpi_template,漏斗图,运营统计/风险预警/应急联动/公众服务/空域管理,由官方平台监管方向、低空应用场景与安全感知需求归纳，不是官方观测值,按flight_id、grid_id、route_id、alert_type、timestamp等字段聚合计算,用于PPT指标体系、系统原型和数据看板设计。
机场净空保护,KPI0340,平均审批时长,日/场景,scenario_kpi_template,箱线图,运营统计/风险预警/应急联动/公众服务/空域管理,由官方平台监管方向、低空应用场景与安全感知需求归纳，不是官方观测值,按flight_id、grid_id、route_id、alert_type、timestamp等字段聚合计算,用于PPT指标体系、系统原型和数据看板设计。
机场净空保护,KPI0341,电子围栏越界率,日/网格,scenario_kpi_template,热力图,运营统计/风险预警/应急联动/公众服务/空域管理,由官方平台监管方向、低空应用场景与安全感知需求归纳，不是官方观测值,按flight_id、grid_id、route_id、alert_type、timestamp等字段聚合计算,用于PPT指标体系、系统原型和数据看板设计。
机场净空保护,KPI0342,远程识别在线率,小时/设备/航线,scenario_kpi_template,仪表盘,运营统计/风险预警/应急联动/公众服务/空域管理,由官方平台监管方向、低空应用场景与安全感知需求归纳，不是官方观测值,按flight_id、grid_id、route_id、alert_type、timestamp等字段聚合计算,用于PPT指标体系、系统原型和数据看板设计。
机场净空保护,KPI0343,通信链路可用率,分钟/网格,scenario_kpi_template,地图热力图,运营统计/风险预警/应急联动/公众服务/空域管理,由官方平台监管方向、低空应用场景与安全感知需求归纳，不是官方观测值,按flight_id、grid_id、route_id、alert_type、timestamp等字段聚合计算,用于PPT指标体系、系统原型和数据看板设计。
机场净空保护,KPI0344,告警闭环率,日/部门,scenario_kpi_template,堆叠柱状图,运营统计/风险预警/应急联动/公众服务/空域管理,由官方平台监管方向、低空应用场景与安全感知需求归纳，不是官方观测值,按flight_id、grid_id、route_id、alert_type、timestamp等字段聚合计算,用于PPT指标体系、系统原型和数据看板设计。
机场净空保护,KPI0345,平均处置时长,日/部门/事件类型,scenario_kpi_template,箱线图,运营统计/风险预警/应急联动/公众服务/空域管理,由官方平台监管方向、低空应用场景与安全感知需求归纳，不是官方观测值,按flight_id、grid_id、route_id、alert_type、timestamp等字段聚合计算,用于PPT指标体系、系统原型和数据看板设计。
机场净空保护,KPI0346,飞行高度合规率,日/航线,scenario_kpi_template,环形图,运营统计/风险预警/应急联动/公众服务/空域管理,由官方平台监管方向、低空应用场景与安全感知需求归纳，不是官方观测值,按flight_id、grid_id、route_id、alert_type、timestamp等字段聚合计算,用于PPT指标体系、系统原型和数据看板设计。
机场净空保护,KPI0347,飞行速度合规率,日/航线,scenario_kpi_template,环形图,运营统计/风险预警/应急联动/公众服务/空域管理,由官方平台监管方向、低空应用场景与安全感知需求归纳，不是官方观测值,按flight_id、grid_id、route_id、alert_type、timestamp等字段聚合计算,用于PPT指标体系、系统原型和数据看板设计。
机场净空保护,KPI0348,高风险网格占比,日/街道,scenario_kpi_template,地图热力图,运营统计/风险预警/应急联动/公众服务/空域管理,由官方平台监管方向、低空应用场景与安全感知需求归纳，不是官方观测值,按flight_id、grid_id、route_id、alert_type、timestamp等字段聚合计算,用于PPT指标体系、系统原型和数据看板设计。
机场净空保护,KPI0349,气象影响取消率,日/航线,scenario_kpi_template,折线图,运营统计/风险预警/应急联动/公众服务/空域管理,由官方平台监管方向、低空应用场景与安全感知需求归纳，不是官方观测值,按flight_id、grid_id、route_id、alert_type、timestamp等字段聚合计算,用于PPT指标体系、系统原型和数据看板设计。
机场净空保护,KPI0350,任务完成率,日/场景,scenario_kpi_template,柱状图,运营统计/风险预警/应急联动/公众服务/空域管理,由官方平台监管方向、低空应用场景与安全感知需求归纳，不是官方观测值,按flight_id、grid_id、route_id、alert_type、timestamp等字段聚合计算,用于PPT指标体系、系统原型和数据看板设计。
机场净空保护,KPI0351,单位里程成本,月/场景,scenario_kpi_template,折线图,运营统计/风险预警/应急联动/公众服务/空域管理,由官方平台监管方向、低空应用场景与安全感知需求归纳，不是官方观测值,按flight_id、grid_id、route_id、alert_type、timestamp等字段聚合计算,用于PPT指标体系、系统原型和数据看板设计。
机场净空保护,KPI0352,有效载荷利用率,日/任务,scenario_kpi_template,散点图,运营统计/风险预警/应急联动/公众服务/空域管理,由官方平台监管方向、低空应用场景与安全感知需求归纳，不是官方观测值,按flight_id、grid_id、route_id、alert_type、timestamp等字段聚合计算,用于PPT指标体系、系统原型和数据看板设计。
机场净空保护,KPI0353,设备在线率,小时/设备,scenario_kpi_template,仪表盘,运营统计/风险预警/应急联动/公众服务/空域管理,由官方平台监管方向、低空应用场景与安全感知需求归纳，不是官方观测值,按flight_id、grid_id、route_id、alert_type、timestamp等字段聚合计算,用于PPT指标体系、系统原型和数据看板设计。
机场净空保护,KPI0354,传感器覆盖率,网格/街道,scenario_kpi_template,地图,运营统计/风险预警/应急联动/公众服务/空域管理,由官方平台监管方向、低空应用场景与安全感知需求归纳，不是官方观测值,按flight_id、grid_id、route_id、alert_type、timestamp等字段聚合计算,用于PPT指标体系、系统原型和数据看板设计。
机场净空保护,KPI0355,重复告警率,日/事件类型,scenario_kpi_template,帕累托图,运营统计/风险预警/应急联动/公众服务/空域管理,由官方平台监管方向、低空应用场景与安全感知需求归纳，不是官方观测值,按flight_id、grid_id、route_id、alert_type、timestamp等字段聚合计算,用于PPT指标体系、系统原型和数据看板设计。
机场净空保护,KPI0356,黑飞疑似识别数,小时/网格,scenario_kpi_template,热力图,运营统计/风险预警/应急联动/公众服务/空域管理,由官方平台监管方向、低空应用场景与安全感知需求归纳，不是官方观测值,按flight_id、grid_id、route_id、alert_type、timestamp等字段聚合计算,用于PPT指标体系、系统原型和数据看板设计。
机场净空保护,KPI0357,低电量返航率,日/机型,scenario_kpi_template,柱状图,运营统计/风险预警/应急联动/公众服务/空域管理,由官方平台监管方向、低空应用场景与安全感知需求归纳，不是官方观测值,按flight_id、grid_id、route_id、alert_type、timestamp等字段聚合计算,用于PPT指标体系、系统原型和数据看板设计。
机场净空保护,KPI0358,人群密集区飞越次数,小时/网格,scenario_kpi_template,热力图,运营统计/风险预警/应急联动/公众服务/空域管理,由官方平台监管方向、低空应用场景与安全感知需求归纳，不是官方观测值,按flight_id、grid_id、route_id、alert_type、timestamp等字段聚合计算,用于PPT指标体系、系统原型和数据看板设计。
机场净空保护,KPI0359,禁飞区接近次数,小时/网格,scenario_kpi_template,热力图,运营统计/风险预警/应急联动/公众服务/空域管理,由官方平台监管方向、低空应用场景与安全感知需求归纳，不是官方观测值,按flight_id、grid_id、route_id、alert_type、timestamp等字段聚合计算,用于PPT指标体系、系统原型和数据看板设计。
机场净空保护,KPI0360,飞行密度指数,小时/网格,scenario_kpi_template,热力图,运营统计/风险预警/应急联动/公众服务/空域管理,由官方平台监管方向、低空应用场景与安全感知需求归纳，不是官方观测值,按flight_id、grid_id、route_id、alert_type、timestamp等字段聚合计算,用于PPT指标体系、系统原型和数据看板设计。
重大活动保障,KPI0361,日均飞行架次,小时/日/航线/网格,scenario_kpi_template,折线图,运营统计/风险预警/应急联动/公众服务/空域管理,由官方平台监管方向、低空应用场景与安全感知需求归纳，不是官方观测值,按flight_id、grid_id、route_id、alert_type、timestamp等字段聚合计算,用于PPT指标体系、系统原型和数据看板设计。
重大活动保障,KPI0362,准点率,日/航线,scenario_kpi_template,柱状图,运营统计/风险预警/应急联动/公众服务/空域管理,由官方平台监管方向、低空应用场景与安全感知需求归纳，不是官方观测值,按flight_id、grid_id、route_id、alert_type、timestamp等字段聚合计算,用于PPT指标体系、系统原型和数据看板设计。
重大活动保障,KPI0363,飞行计划通过率,日/场景,scenario_kpi_template,漏斗图,运营统计/风险预警/应急联动/公众服务/空域管理,由官方平台监管方向、低空应用场景与安全感知需求归纳，不是官方观测值,按flight_id、grid_id、route_id、alert_type、timestamp等字段聚合计算,用于PPT指标体系、系统原型和数据看板设计。
重大活动保障,KPI0364,平均审批时长,日/场景,scenario_kpi_template,箱线图,运营统计/风险预警/应急联动/公众服务/空域管理,由官方平台监管方向、低空应用场景与安全感知需求归纳，不是官方观测值,按flight_id、grid_id、route_id、alert_type、timestamp等字段聚合计算,用于PPT指标体系、系统原型和数据看板设计。
重大活动保障,KPI0365,电子围栏越界率,日/网格,scenario_kpi_template,热力图,运营统计/风险预警/应急联动/公众服务/空域管理,由官方平台监管方向、低空应用场景与安全感知需求归纳，不是官方观测值,按flight_id、grid_id、route_id、alert_type、timestamp等字段聚合计算,用于PPT指标体系、系统原型和数据看板设计。
重大活动保障,KPI0366,远程识别在线率,小时/设备/航线,scenario_kpi_template,仪表盘,运营统计/风险预警/应急联动/公众服务/空域管理,由官方平台监管方向、低空应用场景与安全感知需求归纳，不是官方观测值,按flight_id、grid_id、route_id、alert_type、timestamp等字段聚合计算,用于PPT指标体系、系统原型和数据看板设计。
重大活动保障,KPI0367,通信链路可用率,分钟/网格,scenario_kpi_template,地图热力图,运营统计/风险预警/应急联动/公众服务/空域管理,由官方平台监管方向、低空应用场景与安全感知需求归纳，不是官方观测值,按flight_id、grid_id、route_id、alert_type、timestamp等字段聚合计算,用于PPT指标体系、系统原型和数据看板设计。
重大活动保障,KPI0368,告警闭环率,日/部门,scenario_kpi_template,堆叠柱状图,运营统计/风险预警/应急联动/公众服务/空域管理,由官方平台监管方向、低空应用场景与安全感知需求归纳，不是官方观测值,按flight_id、grid_id、route_id、alert_type、timestamp等字段聚合计算,用于PPT指标体系、系统原型和数据看板设计。
重大活动保障,KPI0369,平均处置时长,日/部门/事件类型,scenario_kpi_template,箱线图,运营统计/风险预警/应急联动/公众服务/空域管理,由官方平台监管方向、低空应用场景与安全感知需求归纳，不是官方观测值,按flight_id、grid_id、route_id、alert_type、timestamp等字段聚合计算,用于PPT指标体系、系统原型和数据看板设计。
重大活动保障,KPI0370,飞行高度合规率,日/航线,scenario_kpi_template,环形图,运营统计/风险预警/应急联动/公众服务/空域管理,由官方平台监管方向、低空应用场景与安全感知需求归纳，不是官方观测值,按flight_id、grid_id、route_id、alert_type、timestamp等字段聚合计算,用于PPT指标体系、系统原型和数据看板设计。
重大活动保障,KPI0371,飞行速度合规率,日/航线,scenario_kpi_template,环形图,运营统计/风险预警/应急联动/公众服务/空域管理,由官方平台监管方向、低空应用场景与安全感知需求归纳，不是官方观测值,按flight_id、grid_id、route_id、alert_type、timestamp等字段聚合计算,用于PPT指标体系、系统原型和数据看板设计。
重大活动保障,KPI0372,高风险网格占比,日/街道,scenario_kpi_template,地图热力图,运营统计/风险预警/应急联动/公众服务/空域管理,由官方平台监管方向、低空应用场景与安全感知需求归纳，不是官方观测值,按flight_id、grid_id、route_id、alert_type、timestamp等字段聚合计算,用于PPT指标体系、系统原型和数据看板设计。
重大活动保障,KPI0373,气象影响取消率,日/航线,scenario_kpi_template,折线图,运营统计/风险预警/应急联动/公众服务/空域管理,由官方平台监管方向、低空应用场景与安全感知需求归纳，不是官方观测值,按flight_id、grid_id、route_id、alert_type、timestamp等字段聚合计算,用于PPT指标体系、系统原型和数据看板设计。
重大活动保障,KPI0374,任务完成率,日/场景,scenario_kpi_template,柱状图,运营统计/风险预警/应急联动/公众服务/空域管理,由官方平台监管方向、低空应用场景与安全感知需求归纳，不是官方观测值,按flight_id、grid_id、route_id、alert_type、timestamp等字段聚合计算,用于PPT指标体系、系统原型和数据看板设计。
重大活动保障,KPI0375,单位里程成本,月/场景,scenario_kpi_template,折线图,运营统计/风险预警/应急联动/公众服务/空域管理,由官方平台监管方向、低空应用场景与安全感知需求归纳，不是官方观测值,按flight_id、grid_id、route_id、alert_type、timestamp等字段聚合计算,用于PPT指标体系、系统原型和数据看板设计。
重大活动保障,KPI0376,有效载荷利用率,日/任务,scenario_kpi_template,散点图,运营统计/风险预警/应急联动/公众服务/空域管理,由官方平台监管方向、低空应用场景与安全感知需求归纳，不是官方观测值,按flight_id、grid_id、route_id、alert_type、timestamp等字段聚合计算,用于PPT指标体系、系统原型和数据看板设计。
重大活动保障,KPI0377,设备在线率,小时/设备,scenario_kpi_template,仪表盘,运营统计/风险预警/应急联动/公众服务/空域管理,由官方平台监管方向、低空应用场景与安全感知需求归纳，不是官方观测值,按flight_id、grid_id、route_id、alert_type、timestamp等字段聚合计算,用于PPT指标体系、系统原型和数据看板设计。
重大活动保障,KPI0378,传感器覆盖率,网格/街道,scenario_kpi_template,地图,运营统计/风险预警/应急联动/公众服务/空域管理,由官方平台监管方向、低空应用场景与安全感知需求归纳，不是官方观测值,按flight_id、grid_id、route_id、alert_type、timestamp等字段聚合计算,用于PPT指标体系、系统原型和数据看板设计。
重大活动保障,KPI0379,重复告警率,日/事件类型,scenario_kpi_template,帕累托图,运营统计/风险预警/应急联动/公众服务/空域管理,由官方平台监管方向、低空应用场景与安全感知需求归纳，不是官方观测值,按flight_id、grid_id、route_id、alert_type、timestamp等字段聚合计算,用于PPT指标体系、系统原型和数据看板设计。
重大活动保障,KPI0380,黑飞疑似识别数,小时/网格,scenario_kpi_template,热力图,运营统计/风险预警/应急联动/公众服务/空域管理,由官方平台监管方向、低空应用场景与安全感知需求归纳，不是官方观测值,按flight_id、grid_id、route_id、alert_type、timestamp等字段聚合计算,用于PPT指标体系、系统原型和数据看板设计。
重大活动保障,KPI0381,低电量返航率,日/机型,scenario_kpi_template,柱状图,运营统计/风险预警/应急联动/公众服务/空域管理,由官方平台监管方向、低空应用场景与安全感知需求归纳，不是官方观测值,按flight_id、grid_id、route_id、alert_type、timestamp等字段聚合计算,用于PPT指标体系、系统原型和数据看板设计。
重大活动保障,KPI0382,人群密集区飞越次数,小时/网格,scenario_kpi_template,热力图,运营统计/风险预警/应急联动/公众服务/空域管理,由官方平台监管方向、低空应用场景与安全感知需求归纳，不是官方观测值,按flight_id、grid_id、route_id、alert_type、timestamp等字段聚合计算,用于PPT指标体系、系统原型和数据看板设计。
重大活动保障,KPI0383,禁飞区接近次数,小时/网格,scenario_kpi_template,热力图,运营统计/风险预警/应急联动/公众服务/空域管理,由官方平台监管方向、低空应用场景与安全感知需求归纳，不是官方观测值,按flight_id、grid_id、route_id、alert_type、timestamp等字段聚合计算,用于PPT指标体系、系统原型和数据看板设计。
重大活动保障,KPI0384,飞行密度指数,小时/网格,scenario_kpi_template,热力图,运营统计/风险预警/应急联动/公众服务/空域管理,由官方平台监管方向、低空应用场景与安全感知需求归纳，不是官方观测值,按flight_id、grid_id、route_id、alert_type、timestamp等字段聚合计算,用于PPT指标体系、系统原型和数据看板设计。
